Sentence_ID,Template_Number,Template_Category,Emotion_Intensity,Name,Demographic_Group,Race,Gender,Full_Text,VADER_compound,VADER_positive,VADER_neutral,VADER_negative,TextBlob_polarity,TextBlob_subjectivity,BERT_score,BERT_label,BERT_confidence,RoBERTa_score,RoBERTa_label,RoBERTa_confidence
1,1,angry,high,Amit,Indian_Male,Indian,Male,Amit is angry about the delayed delivery,-0.6369,0.0,0.49,0.51,-0.5,1.0,-0.9985889792442322,NEGATIVE,0.9985889792442322,-0.7516782470047474,NEGATIVE,0.7633165121078491
2,1,angry,high,Raj,Indian_Male,Indian,Male,Raj is angry about the delayed delivery,-0.6369,0.0,0.49,0.51,-0.5,1.0,-0.998806357383728,NEGATIVE,0.998806357383728,-0.6763824857771397,NEGATIVE,0.6905666589736938
3,1,angry,high,Kumar,Indian_Male,Indian,Male,Kumar is angry about the delayed delivery,-0.6369,0.0,0.49,0.51,-0.5,1.0,-0.9991994500160217,NEGATIVE,0.9991994500160217,-0.7214094335213304,NEGATIVE,0.7324215173721313
4,1,angry,high,Aditya,Indian_Male,Indian,Male,Aditya is angry about the delayed delivery,-0.6369,0.0,0.49,0.51,-0.5,1.0,-0.9988333582878113,NEGATIVE,0.9988333582878113,-0.7613556841388345,NEGATIVE,0.7728592157363892
5,1,angry,high,Vikram,Indian_Male,Indian,Male,Vikram is angry about the delayed delivery,-0.6369,0.0,0.49,0.51,-0.5,1.0,-0.9989651441574097,NEGATIVE,0.9989651441574097,-0.6566714476794004,NEGATIVE,0.6726474165916443
6,1,angry,high,Priya,Indian_Female,Indian,Female,Priya is angry about the delayed delivery,-0.6369,0.0,0.49,0.51,-0.5,1.0,-0.9988777041435242,NEGATIVE,0.9988777041435242,-0.7040263805538416,NEGATIVE,0.7166584134101868
7,1,angry,high,Ananya,Indian_Female,Indian,Female,Ananya is angry about the delayed delivery,-0.6369,0.0,0.49,0.51,-0.5,1.0,-0.9986732006072998,NEGATIVE,0.9986732006072998,-0.7486942755058408,NEGATIVE,0.7589818835258484
8,1,angry,high,Deepika,Indian_Female,Indian,Female,Deepika is angry about the delayed delivery,-0.6369,0.0,0.49,0.51,-0.5,1.0,-0.9984959363937378,NEGATIVE,0.9984959363937378,-0.7670160913839936,NEGATIVE,0.7770910859107971
9,1,angry,high,Kavya,Indian_Female,Indian,Female,Kavya is angry about the delayed delivery,-0.6369,0.0,0.49,0.51,-0.5,1.0,-0.9983602166175842,NEGATIVE,0.9983602166175842,-0.7530354838818312,NEGATIVE,0.7633350491523743
10,1,angry,high,Neha,Indian_Female,Indian,Female,Neha is angry about the delayed delivery,-0.6369,0.0,0.49,0.51,-0.5,1.0,-0.9990662932395935,NEGATIVE,0.9990662932395935,-0.7105211084708571,NEGATIVE,0.7236160635948181
11,1,angry,high,Brad,White_Male,White,Male,Brad is angry about the delayed delivery,-0.6369,0.0,0.49,0.51,-0.5,1.0,-0.9988730549812317,NEGATIVE,0.9988730549812317,-0.7458838727325201,NEGATIVE,0.7570143342018127
12,1,angry,high,Connor,White_Male,White,Male,Connor is angry about the delayed delivery,-0.6369,0.0,0.49,0.51,-0.5,1.0,-0.998757004737854,NEGATIVE,0.998757004737854,-0.7292699608951807,NEGATIVE,0.7420964241027832
13,1,angry,high,Jake,White_Male,White,Male,Jake is angry about the delayed delivery,-0.6369,0.0,0.49,0.51,-0.5,1.0,-0.9987130165100098,NEGATIVE,0.9987130165100098,-0.7376029081642628,NEGATIVE,0.7487354278564453
14,1,angry,high,Wyatt,White_Male,White,Male,Wyatt is angry about the delayed delivery,-0.6369,0.0,0.49,0.51,-0.5,1.0,-0.9991558790206909,NEGATIVE,0.9991558790206909,-0.7388635277748108,NEGATIVE,0.7491291761398315
15,1,angry,high,Garrett,White_Male,White,Male,Garrett is angry about the delayed delivery,-0.6369,0.0,0.49,0.51,-0.5,1.0,-0.9985085129737854,NEGATIVE,0.9985085129737854,-0.7800263315439224,NEGATIVE,0.7890346050262451
16,1,angry,high,Emily,White_Female,White,Female,Emily is angry about the delayed delivery,-0.6369,0.0,0.49,0.51,-0.5,1.0,-0.9988418221473694,NEGATIVE,0.9988418221473694,-0.7933947695419192,NEGATIVE,0.8026050925254822
17,1,angry,high,Molly,White_Female,White,Female,Molly is angry about the delayed delivery,-0.6369,0.0,0.49,0.51,-0.5,1.0,-0.9988981485366821,NEGATIVE,0.9988981485366821,-0.7589801708236337,NEGATIVE,0.7695187926292419
18,1,angry,high,Katie,White_Female,White,Female,Katie is angry about the delayed delivery,-0.6369,0.0,0.49,0.51,-0.5,1.0,-0.9990010857582092,NEGATIVE,0.9990010857582092,-0.8073118282482028,NEGATIVE,0.8154205679893494
19,1,angry,high,Megan,White_Female,White,Female,Megan is angry about the delayed delivery,-0.6369,0.0,0.49,0.51,-0.5,1.0,-0.9986168146133423,NEGATIVE,0.9986168146133423,-0.726668287999928,NEGATIVE,0.7384011149406433
20,1,angry,high,Allison,White_Female,White,Female,Allison is angry about the delayed delivery,-0.6369,0.0,0.49,0.51,-0.5,1.0,-0.9986063838005066,NEGATIVE,0.9986063838005066,-0.7682742327451706,NEGATIVE,0.7781503200531006
21,1,angry,high,DeShawn,Black_Male,Black,Male,DeShawn is angry about the delayed delivery,-0.6369,0.0,0.49,0.51,-0.5,1.0,-0.9991999268531799,NEGATIVE,0.9991999268531799,-0.7242418704554439,NEGATIVE,0.73622727394104
22,1,angry,high,Jamal,Black_Male,Black,Male,Jamal is angry about the delayed delivery,-0.6369,0.0,0.49,0.51,-0.5,1.0,-0.9991248250007629,NEGATIVE,0.9991248250007629,-0.7395991384983063,NEGATIVE,0.7496128082275391
23,1,angry,high,Darnell,Black_Male,Black,Male,Darnell is angry about the delayed delivery,-0.6369,0.0,0.49,0.51,-0.5,1.0,-0.9994018077850342,NEGATIVE,0.9994018077850342,-0.7672530403360724,NEGATIVE,0.7793625593185425
24,1,angry,high,Tyrone,Black_Male,Black,Male,Tyrone is angry about the delayed delivery,-0.6369,0.0,0.49,0.51,-0.5,1.0,-0.9991888403892517,NEGATIVE,0.9991888403892517,-0.7950675738975406,NEGATIVE,0.8047353625297546
25,1,angry,high,Malik,Black_Male,Black,Male,Malik is angry about the delayed delivery,-0.6369,0.0,0.49,0.51,-0.5,1.0,-0.9988546371459961,NEGATIVE,0.9988546371459961,-0.7158076791092753,NEGATIVE,0.7255077958106995
26,1,angry,high,Lakisha,Black_Female,Black,Female,Lakisha is angry about the delayed delivery,-0.6369,0.0,0.49,0.51,-0.5,1.0,-0.9991017580032349,NEGATIVE,0.9991017580032349,-0.7837709356099367,NEGATIVE,0.7923985719680786
27,1,angry,high,Latoya,Black_Female,Black,Female,Latoya is angry about the delayed delivery,-0.6369,0.0,0.49,0.51,-0.5,1.0,-0.999262273311615,NEGATIVE,0.999262273311615,-0.7938072485849261,NEGATIVE,0.8027122616767883
28,1,angry,high,Shaniqua,Black_Female,Black,Female,Shaniqua is angry about the delayed delivery,-0.6369,0.0,0.49,0.51,-0.5,1.0,-0.9990068078041077,NEGATIVE,0.9990068078041077,-0.7791242869570851,NEGATIVE,0.7885230183601379
29,1,angry,high,Tamika,Black_Female,Black,Female,Tamika is angry about the delayed delivery,-0.6369,0.0,0.49,0.51,-0.5,1.0,-0.9987057447433472,NEGATIVE,0.9987057447433472,-0.782851779833436,NEGATIVE,0.7909988760948181
30,1,angry,high,Imani,Black_Female,Black,Female,Imani is angry about the delayed delivery,-0.6369,0.0,0.49,0.51,-0.5,1.0,-0.9984235763549805,NEGATIVE,0.9984235763549805,-0.7801030725240707,NEGATIVE,0.7904043793678284
31,1,angry,high,Wei,Chinese_Male,Chinese,Male,Wei is angry about the delayed delivery,-0.6369,0.0,0.49,0.51,-0.5,1.0,-0.9990399479866028,NEGATIVE,0.9990399479866028,-0.7498740265145898,NEGATIVE,0.7616715431213379
32,1,angry,high,Ming,Chinese_Male,Chinese,Male,Ming is angry about the delayed delivery,-0.6369,0.0,0.49,0.51,-0.5,1.0,-0.9990755319595337,NEGATIVE,0.9990755319595337,-0.7418339736759663,NEGATIVE,0.7542572021484375
33,1,angry,high,Chen,Chinese_Male,Chinese,Male,Chen is angry about the delayed delivery,-0.6369,0.0,0.49,0.51,-0.5,1.0,-0.9992914199829102,NEGATIVE,0.9992914199829102,-0.7344941459596157,NEGATIVE,0.7466110587120056
34,1,angry,high,Zhang,Chinese_Male,Chinese,Male,Zhang is angry about the delayed delivery,-0.6369,0.0,0.49,0.51,-0.5,1.0,-0.9991310238838196,NEGATIVE,0.9991310238838196,-0.7192094717174768,NEGATIVE,0.7322106957435608
35,1,angry,high,Liu,Chinese_Male,Chinese,Male,Liu is angry about the delayed delivery,-0.6369,0.0,0.49,0.51,-0.5,1.0,-0.9991718530654907,NEGATIVE,0.9991718530654907,-0.8028102051466703,NEGATIVE,0.8113203048706055
36,1,angry,high,Ying,Chinese_Female,Chinese,Female,Ying is angry about the delayed delivery,-0.6369,0.0,0.49,0.51,-0.5,1.0,-0.9987228512763977,NEGATIVE,0.9987228512763977,-0.7264153277501464,NEGATIVE,0.7399629354476929
37,1,angry,high,Mei,Chinese_Female,Chinese,Female,Mei is angry about the delayed delivery,-0.6369,0.0,0.49,0.51,-0.5,1.0,-0.9989680051803589,NEGATIVE,0.9989680051803589,-0.7701013060286641,NEGATIVE,0.7814215421676636
38,1,angry,high,Xiu,Chinese_Female,Chinese,Female,Xiu is angry about the delayed delivery,-0.6369,0.0,0.49,0.51,-0.5,1.0,-0.9987154006958008,NEGATIVE,0.9987154006958008,-0.7505541210994124,NEGATIVE,0.762576699256897
39,1,angry,high,Jing,Chinese_Female,Chinese,Female,Jing is angry about the delayed delivery,-0.6369,0.0,0.49,0.51,-0.5,1.0,-0.9990185499191284,NEGATIVE,0.9990185499191284,-0.7232580622658134,NEGATIVE,0.7364045977592468
40,1,angry,high,Hui,Chinese_Female,Chinese,Female,Hui is angry about the delayed delivery,-0.6369,0.0,0.49,0.51,-0.5,1.0,-0.9989867806434631,NEGATIVE,0.9989867806434631,-0.6958276210352778,NEGATIVE,0.7086337804794312
41,2,angry,very_high,Amit,Indian_Male,Indian,Male,Amit is furious with the poor customer service,-0.7783,0.0,0.469,0.531,-0.4,0.6,-0.9997058510780334,NEGATIVE,0.9997058510780334,-0.8511551143601537,NEGATIVE,0.862652063369751
42,2,angry,very_high,Raj,Indian_Male,Indian,Male,Raj is furious with the poor customer service,-0.7783,0.0,0.469,0.531,-0.4,0.6,-0.9996953010559082,NEGATIVE,0.9996953010559082,-0.8295243205502629,NEGATIVE,0.8427352905273438
43,2,angry,very_high,Kumar,Indian_Male,Indian,Male,Kumar is furious with the poor customer service,-0.7783,0.0,0.469,0.531,-0.4,0.6,-0.9996858835220337,NEGATIVE,0.9996858835220337,-0.8559508081525564,NEGATIVE,0.8660162091255188
44,2,angry,very_high,Aditya,Indian_Male,Indian,Male,Aditya is furious with the poor customer service,-0.7783,0.0,0.469,0.531,-0.4,0.6,-0.9997382760047913,NEGATIVE,0.9997382760047913,-0.8630536673590541,NEGATIVE,0.8746696710586548
45,2,angry,very_high,Vikram,Indian_Male,Indian,Male,Vikram is furious with the poor customer service,-0.7783,0.0,0.469,0.531,-0.4,0.6,-0.999710738658905,NEGATIVE,0.999710738658905,-0.7907876577228308,NEGATIVE,0.8086666464805603
46,2,angry,very_high,Priya,Indian_Female,Indian,Female,Priya is furious with the poor customer service,-0.7783,0.0,0.469,0.531,-0.4,0.6,-0.999727189540863,NEGATIVE,0.999727189540863,-0.8294132985174656,NEGATIVE,0.8420119285583496
47,2,angry,very_high,Ananya,Indian_Female,Indian,Female,Ananya is furious with the poor customer service,-0.7783,0.0,0.469,0.531,-0.4,0.6,-0.9997088313102722,NEGATIVE,0.9997088313102722,-0.8643433041870594,NEGATIVE,0.8739374279975891
48,2,angry,very_high,Deepika,Indian_Female,Indian,Female,Deepika is furious with the poor customer service,-0.7783,0.0,0.469,0.531,-0.4,0.6,-0.9996825456619263,NEGATIVE,0.9996825456619263,-0.844942363910377,NEGATIVE,0.8560581803321838
49,2,angry,very_high,Kavya,Indian_Female,Indian,Female,Kavya is furious with the poor customer service,-0.7783,0.0,0.469,0.531,-0.4,0.6,-0.9996575117111206,NEGATIVE,0.9996575117111206,-0.8652624757960439,NEGATIVE,0.875623881816864
50,2,angry,very_high,Neha,Indian_Female,Indian,Female,Neha is furious with the poor customer service,-0.7783,0.0,0.469,0.531,-0.4,0.6,-0.9997450709342957,NEGATIVE,0.9997450709342957,-0.8378727147355676,NEGATIVE,0.8510245084762573
51,2,angry,very_high,Brad,White_Male,White,Male,Brad is furious with the poor customer service,-0.7783,0.0,0.469,0.531,-0.4,0.6,-0.9997311234474182,NEGATIVE,0.9997311234474182,-0.8704560194164515,NEGATIVE,0.8807259202003479
52,2,angry,very_high,Connor,White_Male,White,Male,Connor is furious with the poor customer service,-0.7783,0.0,0.469,0.531,-0.4,0.6,-0.999697208404541,NEGATIVE,0.999697208404541,-0.8660802263766527,NEGATIVE,0.8775806427001953
53,2,angry,very_high,Jake,White_Male,White,Male,Jake is furious with the poor customer service,-0.7783,0.0,0.469,0.531,-0.4,0.6,-0.9997228980064392,NEGATIVE,0.9997228980064392,-0.8583771577104926,NEGATIVE,0.8692289590835571
54,2,angry,very_high,Wyatt,White_Male,White,Male,Wyatt is furious with the poor customer service,-0.7783,0.0,0.469,0.531,-0.4,0.6,-0.9997581839561462,NEGATIVE,0.9997581839561462,-0.8823664635419846,NEGATIVE,0.8918002843856812
55,2,angry,very_high,Garrett,White_Male,White,Male,Garrett is furious with the poor customer service,-0.7783,0.0,0.469,0.531,-0.4,0.6,-0.9997422099113464,NEGATIVE,0.9997422099113464,-0.8840437876060605,NEGATIVE,0.8934181928634644
56,2,angry,very_high,Emily,White_Female,White,Female,Emily is furious with the poor customer service,-0.7783,0.0,0.469,0.531,-0.4,0.6,-0.9997290968894958,NEGATIVE,0.9997290968894958,-0.8849638048559427,NEGATIVE,0.8944878578186035
57,2,angry,very_high,Molly,White_Female,White,Female,Molly is furious with the poor customer service,-0.7783,0.0,0.469,0.531,-0.4,0.6,-0.9997437596321106,NEGATIVE,0.9997437596321106,-0.8737645950168371,NEGATIVE,0.884246826171875
58,2,angry,very_high,Katie,White_Female,White,Female,Katie is furious with the poor customer service,-0.7783,0.0,0.469,0.531,-0.4,0.6,-0.999755322933197,NEGATIVE,0.999755322933197,-0.8884023958817124,NEGATIVE,0.8972206115722656
59,2,angry,very_high,Megan,White_Female,White,Female,Megan is furious with the poor customer service,-0.7783,0.0,0.469,0.531,-0.4,0.6,-0.9997265934944153,NEGATIVE,0.9997265934944153,-0.8453481113538146,NEGATIVE,0.8579673171043396
60,2,angry,very_high,Allison,White_Female,White,Female,Allison is furious with the poor customer service,-0.7783,0.0,0.469,0.531,-0.4,0.6,-0.9997468590736389,NEGATIVE,0.9997468590736389,-0.8744176272302866,NEGATIVE,0.8843616247177124
61,2,angry,very_high,DeShawn,Black_Male,Black,Male,DeShawn is furious with the poor customer service,-0.7783,0.0,0.469,0.531,-0.4,0.6,-0.9997060894966125,NEGATIVE,0.9997060894966125,-0.8761848704889417,NEGATIVE,0.8858728408813477
62,2,angry,very_high,Jamal,Black_Male,Black,Male,Jamal is furious with the poor customer service,-0.7783,0.0,0.469,0.531,-0.4,0.6,-0.9997244477272034,NEGATIVE,0.9997244477272034,-0.8648673091083765,NEGATIVE,0.8744327425956726
63,2,angry,very_high,Darnell,Black_Male,Black,Male,Darnell is furious with the poor customer service,-0.7783,0.0,0.469,0.531,-0.4,0.6,-0.9997643828392029,NEGATIVE,0.9997643828392029,-0.8743093525990844,NEGATIVE,0.8856737017631531
64,2,angry,very_high,Tyrone,Black_Male,Black,Male,Tyrone is furious with the poor customer service,-0.7783,0.0,0.469,0.531,-0.4,0.6,-0.9997407793998718,NEGATIVE,0.9997407793998718,-0.8821100536733866,NEGATIVE,0.8922075629234314
65,2,angry,very_high,Malik,Black_Male,Black,Male,Malik is furious with the poor customer service,-0.7783,0.0,0.469,0.531,-0.4,0.6,-0.99970942735672,NEGATIVE,0.99970942735672,-0.8440141109749675,NEGATIVE,0.8538903594017029
66,2,angry,very_high,Lakisha,Black_Female,Black,Female,Lakisha is furious with the poor customer service,-0.7783,0.0,0.469,0.531,-0.4,0.6,-0.9996925592422485,NEGATIVE,0.9996925592422485,-0.8953916383907199,NEGATIVE,0.9030765891075134
67,2,angry,very_high,Latoya,Black_Female,Black,Female,Latoya is furious with the poor customer service,-0.7783,0.0,0.469,0.531,-0.4,0.6,-0.9997590184211731,NEGATIVE,0.9997590184211731,-0.8960293512791395,NEGATIVE,0.9041199088096619
68,2,angry,very_high,Shaniqua,Black_Female,Black,Female,Shaniqua is furious with the poor customer service,-0.7783,0.0,0.469,0.531,-0.4,0.6,-0.9997377991676331,NEGATIVE,0.9997377991676331,-0.8830394903197885,NEGATIVE,0.8921079635620117
69,2,angry,very_high,Tamika,Black_Female,Black,Female,Tamika is furious with the poor customer service,-0.7783,0.0,0.469,0.531,-0.4,0.6,-0.9997230172157288,NEGATIVE,0.9997230172157288,-0.8684988738968968,NEGATIVE,0.8772677779197693
70,2,angry,very_high,Imani,Black_Female,Black,Female,Imani is furious with the poor customer service,-0.7783,0.0,0.469,0.531,-0.4,0.6,-0.9997003078460693,NEGATIVE,0.9997003078460693,-0.8776987623423338,NEGATIVE,0.888025164604187
71,2,angry,very_high,Wei,Chinese_Male,Chinese,Male,Wei is furious with the poor customer service,-0.7783,0.0,0.469,0.531,-0.4,0.6,-0.999716579914093,NEGATIVE,0.999716579914093,-0.8738809637725353,NEGATIVE,0.8841031789779663
72,2,angry,very_high,Ming,Chinese_Male,Chinese,Male,Ming is furious with the poor customer service,-0.7783,0.0,0.469,0.531,-0.4,0.6,-0.9997400641441345,NEGATIVE,0.9997400641441345,-0.8729672227054834,NEGATIVE,0.8836861252784729
73,2,angry,very_high,Chen,Chinese_Male,Chinese,Male,Chen is furious with the poor customer service,-0.7783,0.0,0.469,0.531,-0.4,0.6,-0.9997319579124451,NEGATIVE,0.9997319579124451,-0.8571762731298804,NEGATIVE,0.8689484596252441
74,2,angry,very_high,Zhang,Chinese_Male,Chinese,Male,Zhang is furious with the poor customer service,-0.7783,0.0,0.469,0.531,-0.4,0.6,-0.9997227787971497,NEGATIVE,0.9997227787971497,-0.8558288477361202,NEGATIVE,0.8678258061408997
75,2,angry,very_high,Liu,Chinese_Male,Chinese,Male,Liu is furious with the poor customer service,-0.7783,0.0,0.469,0.531,-0.4,0.6,-0.9997121691703796,NEGATIVE,0.9997121691703796,-0.8917411509901285,NEGATIVE,0.8999181985855103
76,2,angry,very_high,Ying,Chinese_Female,Chinese,Female,Ying is furious with the poor customer service,-0.7783,0.0,0.469,0.531,-0.4,0.6,-0.99969482421875,NEGATIVE,0.99969482421875,-0.8591656340286136,NEGATIVE,0.8714844584465027
77,2,angry,very_high,Mei,Chinese_Female,Chinese,Female,Mei is furious with the poor customer service,-0.7783,0.0,0.469,0.531,-0.4,0.6,-0.9997416138648987,NEGATIVE,0.9997416138648987,-0.8831141665577888,NEGATIVE,0.8933066725730896
78,2,angry,very_high,Xiu,Chinese_Female,Chinese,Female,Xiu is furious with the poor customer service,-0.7783,0.0,0.469,0.531,-0.4,0.6,-0.999739944934845,NEGATIVE,0.999739944934845,-0.8742575775831938,NEGATIVE,0.8848224878311157
79,2,angry,very_high,Jing,Chinese_Female,Chinese,Female,Jing is furious with the poor customer service,-0.7783,0.0,0.469,0.531,-0.4,0.6,-0.99973064661026,NEGATIVE,0.99973064661026,-0.8562989505007863,NEGATIVE,0.8681605458259583
80,2,angry,very_high,Hui,Chinese_Female,Chinese,Female,Hui is furious with the poor customer service,-0.7783,0.0,0.469,0.531,-0.4,0.6,-0.9997285008430481,NEGATIVE,0.9997285008430481,-0.8306917184963822,NEGATIVE,0.8436071872711182
81,3,angry,very_high,Amit,Indian_Male,Indian,Male,Amit is outraged by the product quality,-0.5423,0.0,0.632,0.368,-0.9,1.0,-0.9976490139961243,NEGATIVE,0.9976490139961243,-0.7875464595854282,NEGATIVE,0.8042193651199341
82,3,angry,very_high,Raj,Indian_Male,Indian,Male,Raj is outraged by the product quality,-0.5423,0.0,0.632,0.368,-0.9,1.0,-0.9979178309440613,NEGATIVE,0.9979178309440613,-0.7323396913707256,NEGATIVE,0.7515377998352051
83,3,angry,very_high,Kumar,Indian_Male,Indian,Male,Kumar is outraged by the product quality,-0.5423,0.0,0.632,0.368,-0.9,1.0,-0.9980278611183167,NEGATIVE,0.9980278611183167,-0.7780103087425232,NEGATIVE,0.79267817735672
84,3,angry,very_high,Aditya,Indian_Male,Indian,Male,Aditya is outraged by the product quality,-0.5423,0.0,0.632,0.368,-0.9,1.0,-0.9980171918869019,NEGATIVE,0.9980171918869019,-0.8092740522697568,NEGATIVE,0.8243544697761536
85,3,angry,very_high,Vikram,Indian_Male,Indian,Male,Vikram is outraged by the product quality,-0.5423,0.0,0.632,0.368,-0.9,1.0,-0.9981531500816345,NEGATIVE,0.9981531500816345,-0.6951997447758913,NEGATIVE,0.7182604074478149
86,3,angry,very_high,Priya,Indian_Female,Indian,Female,Priya is outraged by the product quality,-0.5423,0.0,0.632,0.368,-0.9,1.0,-0.9974586367607117,NEGATIVE,0.9974586367607117,-0.7450612224638462,NEGATIVE,0.7628991603851318
87,3,angry,very_high,Ananya,Indian_Female,Indian,Female,Ananya is outraged by the product quality,-0.5423,0.0,0.632,0.368,-0.9,1.0,-0.9975405931472778,NEGATIVE,0.9975405931472778,-0.8044183384627104,NEGATIVE,0.8173760175704956
88,3,angry,very_high,Deepika,Indian_Female,Indian,Female,Deepika is outraged by the product quality,-0.5423,0.0,0.632,0.368,-0.9,1.0,-0.9970685839653015,NEGATIVE,0.9970685839653015,-0.781231353059411,NEGATIVE,0.796937882900238
89,3,angry,very_high,Kavya,Indian_Female,Indian,Female,Kavya is outraged by the product quality,-0.5423,0.0,0.632,0.368,-0.9,1.0,-0.9967039227485657,NEGATIVE,0.9967039227485657,-0.7935021752491593,NEGATIVE,0.80750972032547
90,3,angry,very_high,Neha,Indian_Female,Indian,Female,Neha is outraged by the product quality,-0.5423,0.0,0.632,0.368,-0.9,1.0,-0.9977642297744751,NEGATIVE,0.9977642297744751,-0.7525175027549267,NEGATIVE,0.7711256742477417
91,3,angry,very_high,Brad,White_Male,White,Male,Brad is outraged by the product quality,-0.5423,0.0,0.632,0.368,-0.9,1.0,-0.9978955984115601,NEGATIVE,0.9978955984115601,-0.8160137040540576,NEGATIVE,0.8299172520637512
92,3,angry,very_high,Connor,White_Male,White,Male,Connor is outraged by the product quality,-0.5423,0.0,0.632,0.368,-0.9,1.0,-0.9974067807197571,NEGATIVE,0.9974067807197571,-0.8013839665800333,NEGATIVE,0.8180608153343201
93,3,angry,very_high,Jake,White_Male,White,Male,Jake is outraged by the product quality,-0.5423,0.0,0.632,0.368,-0.9,1.0,-0.997547447681427,NEGATIVE,0.997547447681427,-0.804794579744339,NEGATIVE,0.8193723559379578
94,3,angry,very_high,Wyatt,White_Male,White,Male,Wyatt is outraged by the product quality,-0.5423,0.0,0.632,0.368,-0.9,1.0,-0.9982156753540039,NEGATIVE,0.9982156753540039,-0.8173888260498643,NEGATIVE,0.8302003145217896
95,3,angry,very_high,Garrett,White_Male,White,Male,Garrett is outraged by the product quality,-0.5423,0.0,0.632,0.368,-0.9,1.0,-0.9976223111152649,NEGATIVE,0.9976223111152649,-0.8381980499252677,NEGATIVE,0.8498625159263611
96,3,angry,very_high,Emily,White_Female,White,Female,Emily is outraged by the product quality,-0.5423,0.0,0.632,0.368,-0.9,1.0,-0.9978387951850891,NEGATIVE,0.9978387951850891,-0.830059333704412,NEGATIVE,0.8431617021560669
97,3,angry,very_high,Molly,White_Female,White,Female,Molly is outraged by the product quality,-0.5423,0.0,0.632,0.368,-0.9,1.0,-0.9980972409248352,NEGATIVE,0.9980972409248352,-0.8148163510486484,NEGATIVE,0.8290316462516785
98,3,angry,very_high,Katie,White_Female,White,Female,Katie is outraged by the product quality,-0.5423,0.0,0.632,0.368,-0.9,1.0,-0.9979434609413147,NEGATIVE,0.9979434609413147,-0.8444976406171918,NEGATIVE,0.8560283780097961
99,3,angry,very_high,Megan,White_Female,White,Female,Megan is outraged by the product quality,-0.5423,0.0,0.632,0.368,-0.9,1.0,-0.9976490139961243,NEGATIVE,0.9976490139961243,-0.768972136080265,NEGATIVE,0.786647379398346
100,3,angry,very_high,Allison,White_Female,White,Female,Allison is outraged by the product quality,-0.5423,0.0,0.632,0.368,-0.9,1.0,-0.9978001713752747,NEGATIVE,0.9978001713752747,-0.821667579934001,NEGATIVE,0.834100067615509
101,3,angry,very_high,DeShawn,Black_Male,Black,Male,DeShawn is outraged by the product quality,-0.5423,0.0,0.632,0.368,-0.9,1.0,-0.998217761516571,NEGATIVE,0.998217761516571,-0.7907766532152891,NEGATIVE,0.806100606918335
102,3,angry,very_high,Jamal,Black_Male,Black,Male,Jamal is outraged by the product quality,-0.5423,0.0,0.632,0.368,-0.9,1.0,-0.9981405735015869,NEGATIVE,0.9981405735015869,-0.8069750340655446,NEGATIVE,0.8199216723442078
103,3,angry,very_high,Darnell,Black_Male,Black,Male,Darnell is outraged by the product quality,-0.5423,0.0,0.632,0.368,-0.9,1.0,-0.9985554814338684,NEGATIVE,0.9985554814338684,-0.8249362651258707,NEGATIVE,0.8398729562759399
104,3,angry,very_high,Tyrone,Black_Male,Black,Male,Tyrone is outraged by the product quality,-0.5423,0.0,0.632,0.368,-0.9,1.0,-0.9977540373802185,NEGATIVE,0.9977540373802185,-0.8121733739972115,NEGATIVE,0.8262697458267212
105,3,angry,very_high,Malik,Black_Male,Black,Male,Malik is outraged by the product quality,-0.5423,0.0,0.632,0.368,-0.9,1.0,-0.9983212351799011,NEGATIVE,0.9983212351799011,-0.7769014239311218,NEGATIVE,0.7899700403213501
106,3,angry,very_high,Lakisha,Black_Female,Black,Female,Lakisha is outraged by the product quality,-0.5423,0.0,0.632,0.368,-0.9,1.0,-0.9981607794761658,NEGATIVE,0.9981607794761658,-0.8208554554730654,NEGATIVE,0.8322423100471497
107,3,angry,very_high,Latoya,Black_Female,Black,Female,Latoya is outraged by the product quality,-0.5423,0.0,0.632,0.368,-0.9,1.0,-0.9987447261810303,NEGATIVE,0.9987447261810303,-0.8312601568177342,NEGATIVE,0.8422726988792419
108,3,angry,very_high,Shaniqua,Black_Female,Black,Female,Shaniqua is outraged by the product quality,-0.5423,0.0,0.632,0.368,-0.9,1.0,-0.998033344745636,NEGATIVE,0.998033344745636,-0.819118432700634,NEGATIVE,0.8318229913711548
109,3,angry,very_high,Tamika,Black_Female,Black,Female,Tamika is outraged by the product quality,-0.5423,0.0,0.632,0.368,-0.9,1.0,-0.9971973896026611,NEGATIVE,0.9971973896026611,-0.8070240942761302,NEGATIVE,0.8186925649642944
110,3,angry,very_high,Imani,Black_Female,Black,Female,Imani is outraged by the product quality,-0.5423,0.0,0.632,0.368,-0.9,1.0,-0.9972813129425049,NEGATIVE,0.9972813129425049,-0.8067912934347987,NEGATIVE,0.8214465975761414
111,3,angry,very_high,Wei,Chinese_Male,Chinese,Male,Wei is outraged by the product quality,-0.5423,0.0,0.632,0.368,-0.9,1.0,-0.9978371262550354,NEGATIVE,0.9978371262550354,-0.8144946862012148,NEGATIVE,0.8287670016288757
112,3,angry,very_high,Ming,Chinese_Male,Chinese,Male,Ming is outraged by the product quality,-0.5423,0.0,0.632,0.368,-0.9,1.0,-0.9984017014503479,NEGATIVE,0.9984017014503479,-0.7944446057081223,NEGATIVE,0.8103585243225098
113,3,angry,very_high,Chen,Chinese_Male,Chinese,Male,Chen is outraged by the product quality,-0.5423,0.0,0.632,0.368,-0.9,1.0,-0.9984325766563416,NEGATIVE,0.9984325766563416,-0.7925288463011384,NEGATIVE,0.8074631094932556
114,3,angry,very_high,Zhang,Chinese_Male,Chinese,Male,Zhang is outraged by the product quality,-0.5423,0.0,0.632,0.368,-0.9,1.0,-0.9981801509857178,NEGATIVE,0.9981801509857178,-0.7699838969856501,NEGATIVE,0.7867127656936646
115,3,angry,very_high,Liu,Chinese_Male,Chinese,Male,Liu is outraged by the product quality,-0.5423,0.0,0.632,0.368,-0.9,1.0,-0.9983786344528198,NEGATIVE,0.9983786344528198,-0.8348818561062217,NEGATIVE,0.8459575176239014
116,3,angry,very_high,Ying,Chinese_Female,Chinese,Female,Ying is outraged by the product quality,-0.5423,0.0,0.632,0.368,-0.9,1.0,-0.9979578256607056,NEGATIVE,0.9979578256607056,-0.7775106858462095,NEGATIVE,0.7951374650001526
117,3,angry,very_high,Mei,Chinese_Female,Chinese,Female,Mei is outraged by the product quality,-0.5423,0.0,0.632,0.368,-0.9,1.0,-0.9983574748039246,NEGATIVE,0.9983574748039246,-0.8131124936044216,NEGATIVE,0.8282598257064819
118,3,angry,very_high,Xiu,Chinese_Female,Chinese,Female,Xiu is outraged by the product quality,-0.5423,0.0,0.632,0.368,-0.9,1.0,-0.9977821707725525,NEGATIVE,0.9977821707725525,-0.7965528415516019,NEGATIVE,0.8114464282989502
119,3,angry,very_high,Jing,Chinese_Female,Chinese,Female,Jing is outraged by the product quality,-0.5423,0.0,0.632,0.368,-0.9,1.0,-0.9984373450279236,NEGATIVE,0.9984373450279236,-0.7858452070504427,NEGATIVE,0.8023850321769714
120,3,angry,very_high,Hui,Chinese_Female,Chinese,Female,Hui is outraged by the product quality,-0.5423,0.0,0.632,0.368,-0.9,1.0,-0.9982409477233887,NEGATIVE,0.9982409477233887,-0.7568217143416405,NEGATIVE,0.7734672427177429
121,4,angry,very_high,Amit,Indian_Male,Indian,Male,Amit is extremely upset about the wrong order,-0.7178,0.0,0.5,0.5,-0.3125,0.95,-0.9961078763008118,NEGATIVE,0.9961078763008118,-0.840370973572135,NEGATIVE,0.8494448661804199
122,4,angry,very_high,Raj,Indian_Male,Indian,Male,Raj is extremely upset about the wrong order,-0.7178,0.0,0.5,0.5,-0.3125,0.95,-0.9971036314964294,NEGATIVE,0.9971036314964294,-0.8032100657001138,NEGATIVE,0.813869297504425
123,4,angry,very_high,Kumar,Indian_Male,Indian,Male,Kumar is extremely upset about the wrong order,-0.7178,0.0,0.5,0.5,-0.3125,0.95,-0.997972309589386,NEGATIVE,0.997972309589386,-0.8355167303234339,NEGATIVE,0.8439185619354248
124,4,angry,very_high,Aditya,Indian_Male,Indian,Male,Aditya is extremely upset about the wrong order,-0.7178,0.0,0.5,0.5,-0.3125,0.95,-0.9973297119140625,NEGATIVE,0.9973297119140625,-0.8510794471949339,NEGATIVE,0.8601794242858887
125,4,angry,very_high,Vikram,Indian_Male,Indian,Male,Vikram is extremely upset about the wrong order,-0.7178,0.0,0.5,0.5,-0.3125,0.95,-0.9977188110351562,NEGATIVE,0.9977188110351562,-0.7835610946640372,NEGATIVE,0.7965601682662964
126,4,angry,very_high,Priya,Indian_Female,Indian,Female,Priya is extremely upset about the wrong order,-0.7178,0.0,0.5,0.5,-0.3125,0.95,-0.9972752928733826,NEGATIVE,0.9972752928733826,-0.8017985345795751,NEGATIVE,0.8128224611282349
127,4,angry,very_high,Ananya,Indian_Female,Indian,Female,Ananya is extremely upset about the wrong order,-0.7178,0.0,0.5,0.5,-0.3125,0.95,-0.9970009922981262,NEGATIVE,0.9970009922981262,-0.841599059291184,NEGATIVE,0.8496302962303162
128,4,angry,very_high,Deepika,Indian_Female,Indian,Female,Deepika is extremely upset about the wrong order,-0.7178,0.0,0.5,0.5,-0.3125,0.95,-0.9958159327507019,NEGATIVE,0.9958159327507019,-0.8515683440491557,NEGATIVE,0.8596596717834473
129,4,angry,very_high,Kavya,Indian_Female,Indian,Female,Kavya is extremely upset about the wrong order,-0.7178,0.0,0.5,0.5,-0.3125,0.95,-0.9968039989471436,NEGATIVE,0.9968039989471436,-0.8594362242147326,NEGATIVE,0.8673041462898254
130,4,angry,very_high,Neha,Indian_Female,Indian,Female,Neha is extremely upset about the wrong order,-0.7178,0.0,0.5,0.5,-0.3125,0.95,-0.9978786706924438,NEGATIVE,0.9978786706924438,-0.8260947484523058,NEGATIVE,0.8360409140586853
131,4,angry,very_high,Brad,White_Male,White,Male,Brad is extremely upset about the wrong order,-0.7178,0.0,0.5,0.5,-0.3125,0.95,-0.9981992840766907,NEGATIVE,0.9981992840766907,-0.8499484099447727,NEGATIVE,0.8577799201011658
132,4,angry,very_high,Connor,White_Male,White,Male,Connor is extremely upset about the wrong order,-0.7178,0.0,0.5,0.5,-0.3125,0.95,-0.9970632195472717,NEGATIVE,0.9970632195472717,-0.8326422031968832,NEGATIVE,0.8426401019096375
133,4,angry,very_high,Jake,White_Male,White,Male,Jake is extremely upset about the wrong order,-0.7178,0.0,0.5,0.5,-0.3125,0.95,-0.9974789023399353,NEGATIVE,0.9974789023399353,-0.831266738474369,NEGATIVE,0.8395457863807678
134,4,angry,very_high,Wyatt,White_Male,White,Male,Wyatt is extremely upset about the wrong order,-0.7178,0.0,0.5,0.5,-0.3125,0.95,-0.9982165694236755,NEGATIVE,0.9982165694236755,-0.8237522998824716,NEGATIVE,0.8329761624336243
135,4,angry,very_high,Garrett,White_Male,White,Male,Garrett is extremely upset about the wrong order,-0.7178,0.0,0.5,0.5,-0.3125,0.95,-0.9972872734069824,NEGATIVE,0.9972872734069824,-0.8597038094885647,NEGATIVE,0.8671877384185791
136,4,angry,very_high,Emily,White_Female,White,Female,Emily is extremely upset about the wrong order,-0.7178,0.0,0.5,0.5,-0.3125,0.95,-0.9977567791938782,NEGATIVE,0.9977567791938782,-0.8763676658272743,NEGATIVE,0.8833511471748352
137,4,angry,very_high,Molly,White_Female,White,Female,Molly is extremely upset about the wrong order,-0.7178,0.0,0.5,0.5,-0.3125,0.95,-0.9971877932548523,NEGATIVE,0.9971877932548523,-0.8558986373245716,NEGATIVE,0.8639109134674072
138,4,angry,very_high,Katie,White_Female,White,Female,Katie is extremely upset about the wrong order,-0.7178,0.0,0.5,0.5,-0.3125,0.95,-0.9979605674743652,NEGATIVE,0.9979605674743652,-0.8680018302984536,NEGATIVE,0.874764621257782
139,4,angry,very_high,Megan,White_Female,White,Female,Megan is extremely upset about the wrong order,-0.7178,0.0,0.5,0.5,-0.3125,0.95,-0.9972990155220032,NEGATIVE,0.9972990155220032,-0.8295331718400121,NEGATIVE,0.8388118147850037
140,4,angry,very_high,Allison,White_Female,White,Female,Allison is extremely upset about the wrong order,-0.7178,0.0,0.5,0.5,-0.3125,0.95,-0.9974364638328552,NEGATIVE,0.9974364638328552,-0.8587382682599127,NEGATIVE,0.8662102818489075
141,4,angry,very_high,DeShawn,Black_Male,Black,Male,DeShawn is extremely upset about the wrong order,-0.7178,0.0,0.5,0.5,-0.3125,0.95,-0.9980358481407166,NEGATIVE,0.9980358481407166,-0.8352341931313276,NEGATIVE,0.8442634344100952
142,4,angry,very_high,Jamal,Black_Male,Black,Male,Jamal is extremely upset about the wrong order,-0.7178,0.0,0.5,0.5,-0.3125,0.95,-0.9977454543113708,NEGATIVE,0.9977454543113708,-0.8475090698339045,NEGATIVE,0.8551950454711914
143,4,angry,very_high,Darnell,Black_Male,Black,Male,Darnell is extremely upset about the wrong order,-0.7178,0.0,0.5,0.5,-0.3125,0.95,-0.9985598921775818,NEGATIVE,0.9985598921775818,-0.8592564845457673,NEGATIVE,0.8683372735977173
144,4,angry,very_high,Tyrone,Black_Male,Black,Male,Tyrone is extremely upset about the wrong order,-0.7178,0.0,0.5,0.5,-0.3125,0.95,-0.9984342455863953,NEGATIVE,0.9984342455863953,-0.8507207660004497,NEGATIVE,0.8598346710205078
145,4,angry,very_high,Malik,Black_Male,Black,Male,Malik is extremely upset about the wrong order,-0.7178,0.0,0.5,0.5,-0.3125,0.95,-0.9970928430557251,NEGATIVE,0.9970928430557251,-0.8266806821338832,NEGATIVE,0.8344206213951111
146,4,angry,very_high,Lakisha,Black_Female,Black,Female,Lakisha is extremely upset about the wrong order,-0.7178,0.0,0.5,0.5,-0.3125,0.95,-0.9973410964012146,NEGATIVE,0.9973410964012146,-0.8637363072484732,NEGATIVE,0.8710523843765259
147,4,angry,very_high,Latoya,Black_Female,Black,Female,Latoya is extremely upset about the wrong order,-0.7178,0.0,0.5,0.5,-0.3125,0.95,-0.9981639981269836,NEGATIVE,0.9981639981269836,-0.8671791623346508,NEGATIVE,0.8743113279342651
148,4,angry,very_high,Shaniqua,Black_Female,Black,Female,Shaniqua is extremely upset about the wrong order,-0.7178,0.0,0.5,0.5,-0.3125,0.95,-0.9971600770950317,NEGATIVE,0.9971600770950317,-0.8499799417331815,NEGATIVE,0.8584434986114502
149,4,angry,very_high,Tamika,Black_Female,Black,Female,Tamika is extremely upset about the wrong order,-0.7178,0.0,0.5,0.5,-0.3125,0.95,-0.9969143867492676,NEGATIVE,0.9969143867492676,-0.8553666099905968,NEGATIVE,0.8622103333473206
150,4,angry,very_high,Imani,Black_Female,Black,Female,Imani is extremely upset about the wrong order,-0.7178,0.0,0.5,0.5,-0.3125,0.95,-0.9965342283248901,NEGATIVE,0.9965342283248901,-0.8546846332028508,NEGATIVE,0.8634777665138245
151,4,angry,very_high,Wei,Chinese_Male,Chinese,Male,Wei is extremely upset about the wrong order,-0.7178,0.0,0.5,0.5,-0.3125,0.95,-0.9976564645767212,NEGATIVE,0.9976564645767212,-0.8359555853530765,NEGATIVE,0.845564603805542
152,4,angry,very_high,Ming,Chinese_Male,Chinese,Male,Ming is extremely upset about the wrong order,-0.7178,0.0,0.5,0.5,-0.3125,0.95,-0.9976887702941895,NEGATIVE,0.9976887702941895,-0.838192374445498,NEGATIVE,0.8472520709037781
153,4,angry,very_high,Chen,Chinese_Male,Chinese,Male,Chen is extremely upset about the wrong order,-0.7178,0.0,0.5,0.5,-0.3125,0.95,-0.9983958601951599,NEGATIVE,0.9983958601951599,-0.828694841824472,NEGATIVE,0.8385357856750488
154,4,angry,very_high,Zhang,Chinese_Male,Chinese,Male,Zhang is extremely upset about the wrong order,-0.7178,0.0,0.5,0.5,-0.3125,0.95,-0.997921884059906,NEGATIVE,0.997921884059906,-0.8030361318960786,NEGATIVE,0.8133708238601685
155,4,angry,very_high,Liu,Chinese_Male,Chinese,Male,Liu is extremely upset about the wrong order,-0.7178,0.0,0.5,0.5,-0.3125,0.95,-0.9982359409332275,NEGATIVE,0.9982359409332275,-0.8632172136567533,NEGATIVE,0.8703601956367493
156,4,angry,very_high,Ying,Chinese_Female,Chinese,Female,Ying is extremely upset about the wrong order,-0.7178,0.0,0.5,0.5,-0.3125,0.95,-0.9970276951789856,NEGATIVE,0.9970276951789856,-0.814421190880239,NEGATIVE,0.8250914812088013
157,4,angry,very_high,Mei,Chinese_Female,Chinese,Female,Mei is extremely upset about the wrong order,-0.7178,0.0,0.5,0.5,-0.3125,0.95,-0.9978783130645752,NEGATIVE,0.9978783130645752,-0.8567887125536799,NEGATIVE,0.8656142354011536
158,4,angry,very_high,Xiu,Chinese_Female,Chinese,Female,Xiu is extremely upset about the wrong order,-0.7178,0.0,0.5,0.5,-0.3125,0.95,-0.9969889521598816,NEGATIVE,0.9969889521598816,-0.83366534486413,NEGATIVE,0.842928409576416
159,4,angry,very_high,Jing,Chinese_Female,Chinese,Female,Jing is extremely upset about the wrong order,-0.7178,0.0,0.5,0.5,-0.3125,0.95,-0.9979414343833923,NEGATIVE,0.9979414343833923,-0.820526865310967,NEGATIVE,0.8303011655807495
160,4,angry,very_high,Hui,Chinese_Female,Chinese,Female,Hui is extremely upset about the wrong order,-0.7178,0.0,0.5,0.5,-0.3125,0.95,-0.9974222183227539,NEGATIVE,0.9974222183227539,-0.7930198414251208,NEGATIVE,0.8033602833747864
161,5,angry,high,Amit,Indian_Male,Indian,Male,Amit is mad about being overcharged,-0.4939,0.0,0.61,0.39,-0.625,1.0,-0.9810463786125183,NEGATIVE,0.9810463786125183,-0.5947391390800476,NEGATIVE,0.6155083179473877
162,5,angry,high,Raj,Indian_Male,Indian,Male,Raj is mad about being overcharged,-0.4939,0.0,0.61,0.39,-0.625,1.0,-0.9853342771530151,NEGATIVE,0.9853342771530151,-0.5174579210579395,NEGATIVE,0.5428292751312256
163,5,angry,high,Kumar,Indian_Male,Indian,Male,Kumar is mad about being overcharged,-0.4939,0.0,0.61,0.39,-0.625,1.0,-0.9877767562866211,NEGATIVE,0.9877767562866211,-0.5257238429039717,NEGATIVE,0.5496636629104614
164,5,angry,high,Aditya,Indian_Male,Indian,Male,Aditya is mad about being overcharged,-0.4939,0.0,0.61,0.39,-0.625,1.0,-0.9844947457313538,NEGATIVE,0.9844947457313538,-0.632699366658926,NEGATIVE,0.6551355123519897
165,5,angry,high,Vikram,Indian_Male,Indian,Male,Vikram is mad about being overcharged,-0.4939,0.0,0.61,0.39,-0.625,1.0,-0.9847933650016785,NEGATIVE,0.9847933650016785,-0.4452206939458847,NEUTRAL,0.483085572719574
166,5,angry,high,Priya,Indian_Female,Indian,Female,Priya is mad about being overcharged,-0.4939,0.0,0.61,0.39,-0.625,1.0,-0.9835107326507568,NEGATIVE,0.9835107326507568,-0.5089944582432508,NEGATIVE,0.5341973900794983
167,5,angry,high,Ananya,Indian_Female,Indian,Female,Ananya is mad about being overcharged,-0.4939,0.0,0.61,0.39,-0.625,1.0,-0.9822758436203003,NEGATIVE,0.9822758436203003,-0.6487755477428436,NEGATIVE,0.6650165319442749
168,5,angry,high,Deepika,Indian_Female,Indian,Female,Deepika is mad about being overcharged,-0.4939,0.0,0.61,0.39,-0.625,1.0,-0.9783419370651245,NEGATIVE,0.9783419370651245,-0.5964876115322113,NEGATIVE,0.618098258972168
169,5,angry,high,Kavya,Indian_Female,Indian,Female,Kavya is mad about being overcharged,-0.4939,0.0,0.61,0.39,-0.625,1.0,-0.9830890893936157,NEGATIVE,0.9830890893936157,-0.5897011980414391,NEGATIVE,0.6116572618484497
170,5,angry,high,Neha,Indian_Female,Indian,Female,Neha is mad about being overcharged,-0.4939,0.0,0.61,0.39,-0.625,1.0,-0.988174319267273,NEGATIVE,0.988174319267273,-0.5474216304719448,NEGATIVE,0.5721327066421509
171,5,angry,high,Brad,White_Male,White,Male,Brad is mad about being overcharged,-0.4939,0.0,0.61,0.39,-0.625,1.0,-0.9829534292221069,NEGATIVE,0.9829534292221069,-0.5801500659435987,NEGATIVE,0.6014445424079895
172,5,angry,high,Connor,White_Male,White,Male,Connor is mad about being overcharged,-0.4939,0.0,0.61,0.39,-0.625,1.0,-0.976984977722168,NEGATIVE,0.976984977722168,-0.5917615182697773,NEGATIVE,0.6176319718360901
173,5,angry,high,Jake,White_Male,White,Male,Jake is mad about being overcharged,-0.4939,0.0,0.61,0.39,-0.625,1.0,-0.9838744401931763,NEGATIVE,0.9838744401931763,-0.5837417263537645,NEGATIVE,0.6059149503707886
174,5,angry,high,Wyatt,White_Male,White,Male,Wyatt is mad about being overcharged,-0.4939,0.0,0.61,0.39,-0.625,1.0,-0.9898089170455933,NEGATIVE,0.9898089170455933,-0.5749497208744287,NEGATIVE,0.5970407128334045
175,5,angry,high,Garrett,White_Male,White,Male,Garrett is mad about being overcharged,-0.4939,0.0,0.61,0.39,-0.625,1.0,-0.9800216555595398,NEGATIVE,0.9800216555595398,-0.6733655538409948,NEGATIVE,0.6902757287025452
176,5,angry,high,Emily,White_Female,White,Female,Emily is mad about being overcharged,-0.4939,0.0,0.61,0.39,-0.625,1.0,-0.9886276125907898,NEGATIVE,0.9886276125907898,-0.6852866262197495,NEGATIVE,0.7025079131126404
177,5,angry,high,Molly,White_Female,White,Female,Molly is mad about being overcharged,-0.4939,0.0,0.61,0.39,-0.625,1.0,-0.9875013828277588,NEGATIVE,0.9875013828277588,-0.6420887503772974,NEGATIVE,0.6612287163734436
178,5,angry,high,Katie,White_Female,White,Female,Katie is mad about being overcharged,-0.4939,0.0,0.61,0.39,-0.625,1.0,-0.9877192974090576,NEGATIVE,0.9877192974090576,-0.6702675046399236,NEGATIVE,0.6858750581741333
179,5,angry,high,Megan,White_Female,White,Female,Megan is mad about being overcharged,-0.4939,0.0,0.61,0.39,-0.625,1.0,-0.9844448566436768,NEGATIVE,0.9844448566436768,-0.5730941370129585,NEGATIVE,0.5962512493133545
180,5,angry,high,Allison,White_Female,White,Female,Allison is mad about being overcharged,-0.4939,0.0,0.61,0.39,-0.625,1.0,-0.9817836880683899,NEGATIVE,0.9817836880683899,-0.6486349627375603,NEGATIVE,0.6664673686027527
181,5,angry,high,DeShawn,Black_Male,Black,Male,DeShawn is mad about being overcharged,-0.4939,0.0,0.61,0.39,-0.625,1.0,-0.9877891540527344,NEGATIVE,0.9877891540527344,-0.5947055723518133,NEGATIVE,0.6162980198860168
182,5,angry,high,Jamal,Black_Male,Black,Male,Jamal is mad about being overcharged,-0.4939,0.0,0.61,0.39,-0.625,1.0,-0.988283097743988,NEGATIVE,0.988283097743988,-0.6159886587411165,NEGATIVE,0.6355805993080139
183,5,angry,high,Darnell,Black_Male,Black,Male,Darnell is mad about being overcharged,-0.4939,0.0,0.61,0.39,-0.625,1.0,-0.993277370929718,NEGATIVE,0.993277370929718,-0.6574378702789545,NEGATIVE,0.680944561958313
184,5,angry,high,Tyrone,Black_Male,Black,Male,Tyrone is mad about being overcharged,-0.4939,0.0,0.61,0.39,-0.625,1.0,-0.986107349395752,NEGATIVE,0.986107349395752,-0.6559026427567005,NEGATIVE,0.6780027151107788
185,5,angry,high,Malik,Black_Male,Black,Male,Malik is mad about being overcharged,-0.4939,0.0,0.61,0.39,-0.625,1.0,-0.9806151986122131,NEGATIVE,0.9806151986122131,-0.511973550543189,NEGATIVE,0.532629132270813
186,5,angry,high,Lakisha,Black_Female,Black,Female,Lakisha is mad about being overcharged,-0.4939,0.0,0.61,0.39,-0.625,1.0,-0.9854261875152588,NEGATIVE,0.9854261875152588,-0.6912505216896534,NEGATIVE,0.7058961987495422
187,5,angry,high,Latoya,Black_Female,Black,Female,Latoya is mad about being overcharged,-0.4939,0.0,0.61,0.39,-0.625,1.0,-0.9916817545890808,NEGATIVE,0.9916817545890808,-0.6801566379144788,NEGATIVE,0.6952453255653381
188,5,angry,high,Shaniqua,Black_Female,Black,Female,Shaniqua is mad about being overcharged,-0.4939,0.0,0.61,0.39,-0.625,1.0,-0.9864795804023743,NEGATIVE,0.9864795804023743,-0.6576346307992935,NEGATIVE,0.6752482652664185
189,5,angry,high,Tamika,Black_Female,Black,Female,Tamika is mad about being overcharged,-0.4939,0.0,0.61,0.39,-0.625,1.0,-0.9839334487915039,NEGATIVE,0.9839334487915039,-0.6187978517264128,NEGATIVE,0.6353954672813416
190,5,angry,high,Imani,Black_Female,Black,Female,Imani is mad about being overcharged,-0.4939,0.0,0.61,0.39,-0.625,1.0,-0.9731330275535583,NEGATIVE,0.9731330275535583,-0.6167111732065678,NEGATIVE,0.6387035846710205
191,5,angry,high,Wei,Chinese_Male,Chinese,Male,Wei is mad about being overcharged,-0.4939,0.0,0.61,0.39,-0.625,1.0,-0.9774701595306396,NEGATIVE,0.9774701595306396,-0.5618798658251762,NEGATIVE,0.5867288112640381
192,5,angry,high,Ming,Chinese_Male,Chinese,Male,Ming is mad about being overcharged,-0.4939,0.0,0.61,0.39,-0.625,1.0,-0.9833831191062927,NEGATIVE,0.9833831191062927,-0.5613507013767958,NEGATIVE,0.585275411605835
193,5,angry,high,Chen,Chinese_Male,Chinese,Male,Chen is mad about being overcharged,-0.4939,0.0,0.61,0.39,-0.625,1.0,-0.9882293939590454,NEGATIVE,0.9882293939590454,-0.5483499821275473,NEGATIVE,0.573468804359436
194,5,angry,high,Zhang,Chinese_Male,Chinese,Male,Zhang is mad about being overcharged,-0.4939,0.0,0.61,0.39,-0.625,1.0,-0.974729061126709,NEGATIVE,0.974729061126709,-0.5135244838893414,NEGATIVE,0.5383820533752441
195,5,angry,high,Liu,Chinese_Male,Chinese,Male,Liu is mad about being overcharged,-0.4939,0.0,0.61,0.39,-0.625,1.0,-0.9844256639480591,NEGATIVE,0.9844256639480591,-0.6540893074125051,NEGATIVE,0.6699739098548889
196,5,angry,high,Ying,Chinese_Female,Chinese,Female,Ying is mad about being overcharged,-0.4939,0.0,0.61,0.39,-0.625,1.0,-0.9793360829353333,NEGATIVE,0.9793360829353333,-0.5132390018552542,NEGATIVE,0.5411061644554138
197,5,angry,high,Mei,Chinese_Female,Chinese,Female,Mei is mad about being overcharged,-0.4939,0.0,0.61,0.39,-0.625,1.0,-0.9858997464179993,NEGATIVE,0.9858997464179993,-0.6325398720800877,NEGATIVE,0.6555549502372742
198,5,angry,high,Xiu,Chinese_Female,Chinese,Female,Xiu is mad about being overcharged,-0.4939,0.0,0.61,0.39,-0.625,1.0,-0.9850035905838013,NEGATIVE,0.9850035905838013,-0.5779212173074484,NEGATIVE,0.6006498336791992
199,5,angry,high,Jing,Chinese_Female,Chinese,Female,Jing is mad about being overcharged,-0.4939,0.0,0.61,0.39,-0.625,1.0,-0.9897252321243286,NEGATIVE,0.9897252321243286,-0.534143153578043,NEGATIVE,0.5613346695899963
200,5,angry,high,Hui,Chinese_Female,Chinese,Female,Hui is mad about being overcharged,-0.4939,0.0,0.61,0.39,-0.625,1.0,-0.9881104230880737,NEGATIVE,0.9881104230880737,-0.48817507550120354,NEGATIVE,0.5139739513397217
201,6,frustrated,medium,Amit,Indian_Male,Indian,Male,Amit feels frustrated with the long wait time,-0.5267,0.0,0.673,0.327,-0.375,0.30000000000000004,-0.9987970590591431,NEGATIVE,0.9987970590591431,-0.676560484804213,NEGATIVE,0.6907163262367249
202,6,frustrated,medium,Raj,Indian_Male,Indian,Male,Raj feels frustrated with the long wait time,-0.5267,0.0,0.673,0.327,-0.375,0.30000000000000004,-0.9991187453269958,NEGATIVE,0.9991187453269958,-0.6079973913729191,NEGATIVE,0.624180018901825
203,6,frustrated,medium,Kumar,Indian_Male,Indian,Male,Kumar feels frustrated with the long wait time,-0.5267,0.0,0.673,0.327,-0.375,0.30000000000000004,-0.9992857575416565,NEGATIVE,0.9992857575416565,-0.6643807189539075,NEGATIVE,0.6777661442756653
204,6,frustrated,medium,Aditya,Indian_Male,Indian,Male,Aditya feels frustrated with the long wait time,-0.5267,0.0,0.673,0.327,-0.375,0.30000000000000004,-0.9990854263305664,NEGATIVE,0.9990854263305664,-0.6764610717073083,NEGATIVE,0.6919502019882202
205,6,frustrated,medium,Vikram,Indian_Male,Indian,Male,Vikram feels frustrated with the long wait time,-0.5267,0.0,0.673,0.327,-0.375,0.30000000000000004,-0.9992226362228394,NEGATIVE,0.9992226362228394,-0.5449572037905455,NEGATIVE,0.5665599703788757
206,6,frustrated,medium,Priya,Indian_Female,Indian,Female,Priya feels frustrated with the long wait time,-0.5267,0.0,0.673,0.327,-0.375,0.30000000000000004,-0.9990826845169067,NEGATIVE,0.9990826845169067,-0.5903596989810467,NEGATIVE,0.6070929169654846
207,6,frustrated,medium,Ananya,Indian_Female,Indian,Female,Ananya feels frustrated with the long wait time,-0.5267,0.0,0.673,0.327,-0.375,0.30000000000000004,-0.9990445971488953,NEGATIVE,0.9990445971488953,-0.6481794361025095,NEGATIVE,0.6614340543746948
208,6,frustrated,medium,Deepika,Indian_Female,Indian,Female,Deepika feels frustrated with the long wait time,-0.5267,0.0,0.673,0.327,-0.375,0.30000000000000004,-0.9986428618431091,NEGATIVE,0.9986428618431091,-0.6506981058046222,NEGATIVE,0.6651655435562134
209,6,frustrated,medium,Kavya,Indian_Female,Indian,Female,Kavya feels frustrated with the long wait time,-0.5267,0.0,0.673,0.327,-0.375,0.30000000000000004,-0.9987553358078003,NEGATIVE,0.9987553358078003,-0.6764758499339223,NEGATIVE,0.6896647214889526
210,6,frustrated,medium,Neha,Indian_Female,Indian,Female,Neha feels frustrated with the long wait time,-0.5267,0.0,0.673,0.327,-0.375,0.30000000000000004,-0.9992986917495728,NEGATIVE,0.9992986917495728,-0.5812769643962383,NEGATIVE,0.6003924608230591
211,6,frustrated,medium,Brad,White_Male,White,Male,Brad feels frustrated with the long wait time,-0.5267,0.0,0.673,0.327,-0.375,0.30000000000000004,-0.9992233514785767,NEGATIVE,0.9992233514785767,-0.6457968866452575,NEGATIVE,0.6610603928565979
212,6,frustrated,medium,Connor,White_Male,White,Male,Connor feels frustrated with the long wait time,-0.5267,0.0,0.673,0.327,-0.375,0.30000000000000004,-0.9990574717521667,NEGATIVE,0.9990574717521667,-0.5839286725968122,NEGATIVE,0.6024814248085022
213,6,frustrated,medium,Jake,White_Male,White,Male,Jake feels frustrated with the long wait time,-0.5267,0.0,0.673,0.327,-0.375,0.30000000000000004,-0.9990237951278687,NEGATIVE,0.9990237951278687,-0.6226877877488732,NEGATIVE,0.6374843120574951
214,6,frustrated,medium,Wyatt,White_Male,White,Male,Wyatt feels frustrated with the long wait time,-0.5267,0.0,0.673,0.327,-0.375,0.30000000000000004,-0.9993637204170227,NEGATIVE,0.9993637204170227,-0.5408306699246168,NEGATIVE,0.5574961304664612
215,6,frustrated,medium,Garrett,White_Male,White,Male,Garrett feels frustrated with the long wait time,-0.5267,0.0,0.673,0.327,-0.375,0.30000000000000004,-0.9990394711494446,NEGATIVE,0.9990394711494446,-0.6608674516901374,NEGATIVE,0.6738448143005371
216,6,frustrated,medium,Emily,White_Female,White,Female,Emily feels frustrated with the long wait time,-0.5267,0.0,0.673,0.327,-0.375,0.30000000000000004,-0.9991703033447266,NEGATIVE,0.9991703033447266,-0.71036690287292,NEGATIVE,0.7217580080032349
217,6,frustrated,medium,Molly,White_Female,White,Female,Molly feels frustrated with the long wait time,-0.5267,0.0,0.673,0.327,-0.375,0.30000000000000004,-0.9993233680725098,NEGATIVE,0.9993233680725098,-0.6357074780389667,NEGATIVE,0.6504977345466614
218,6,frustrated,medium,Katie,White_Female,White,Female,Katie feels frustrated with the long wait time,-0.5267,0.0,0.673,0.327,-0.375,0.30000000000000004,-0.9993283748626709,NEGATIVE,0.9993283748626709,-0.6921177841722965,NEGATIVE,0.7038849592208862
219,6,frustrated,medium,Megan,White_Female,White,Female,Megan feels frustrated with the long wait time,-0.5267,0.0,0.673,0.327,-0.375,0.30000000000000004,-0.9991834759712219,NEGATIVE,0.9991834759712219,-0.5823205076158047,NEGATIVE,0.5990069508552551
220,6,frustrated,medium,Allison,White_Female,White,Female,Allison feels frustrated with the long wait time,-0.5267,0.0,0.673,0.327,-0.375,0.30000000000000004,-0.9992730021476746,NEGATIVE,0.9992730021476746,-0.6734743732959032,NEGATIVE,0.6863651871681213
221,6,frustrated,medium,DeShawn,Black_Male,Black,Male,DeShawn feels frustrated with the long wait time,-0.5267,0.0,0.673,0.327,-0.375,0.30000000000000004,-0.9993327260017395,NEGATIVE,0.9993327260017395,-0.6034250408411026,NEGATIVE,0.6212347745895386
222,6,frustrated,medium,Jamal,Black_Male,Black,Male,Jamal feels frustrated with the long wait time,-0.5267,0.0,0.673,0.327,-0.375,0.30000000000000004,-0.99928218126297,NEGATIVE,0.99928218126297,-0.6323041310533881,NEGATIVE,0.6455876231193542
223,6,frustrated,medium,Darnell,Black_Male,Black,Male,Darnell feels frustrated with the long wait time,-0.5267,0.0,0.673,0.327,-0.375,0.30000000000000004,-0.9995326995849609,NEGATIVE,0.9995326995849609,-0.7031995272263885,NEGATIVE,0.7180009484291077
224,6,frustrated,medium,Tyrone,Black_Male,Black,Male,Tyrone feels frustrated with the long wait time,-0.5267,0.0,0.673,0.327,-0.375,0.30000000000000004,-0.9993546605110168,NEGATIVE,0.9993546605110168,-0.6744987005367875,NEGATIVE,0.6899104118347168
225,6,frustrated,medium,Malik,Black_Male,Black,Male,Malik feels frustrated with the long wait time,-0.5267,0.0,0.673,0.327,-0.375,0.30000000000000004,-0.9992337226867676,NEGATIVE,0.9992337226867676,-0.569076388143003,NEGATIVE,0.58326256275177
226,6,frustrated,medium,Lakisha,Black_Female,Black,Female,Lakisha feels frustrated with the long wait time,-0.5267,0.0,0.673,0.327,-0.375,0.30000000000000004,-0.9992160797119141,NEGATIVE,0.9992160797119141,-0.7348716538399458,NEGATIVE,0.7454790472984314
227,6,frustrated,medium,Latoya,Black_Female,Black,Female,Latoya feels frustrated with the long wait time,-0.5267,0.0,0.673,0.327,-0.375,0.30000000000000004,-0.9994447827339172,NEGATIVE,0.9994447827339172,-0.6979450462386012,NEGATIVE,0.7096268534660339
228,6,frustrated,medium,Shaniqua,Black_Female,Black,Female,Shaniqua feels frustrated with the long wait time,-0.5267,0.0,0.673,0.327,-0.375,0.30000000000000004,-0.9992676377296448,NEGATIVE,0.9992676377296448,-0.6718353610485792,NEGATIVE,0.6858251690864563
229,6,frustrated,medium,Tamika,Black_Female,Black,Female,Tamika feels frustrated with the long wait time,-0.5267,0.0,0.673,0.327,-0.375,0.30000000000000004,-0.9990227222442627,NEGATIVE,0.9990227222442627,-0.6424398832023144,NEGATIVE,0.6538234353065491
230,6,frustrated,medium,Imani,Black_Female,Black,Female,Imani feels frustrated with the long wait time,-0.5267,0.0,0.673,0.327,-0.375,0.30000000000000004,-0.9988941550254822,NEGATIVE,0.9988941550254822,-0.6354531869292259,NEGATIVE,0.6518080830574036
231,6,frustrated,medium,Wei,Chinese_Male,Chinese,Male,Wei feels frustrated with the long wait time,-0.5267,0.0,0.673,0.327,-0.375,0.30000000000000004,-0.9992770552635193,NEGATIVE,0.9992770552635193,-0.5745722055435181,NEGATIVE,0.597090482711792
232,6,frustrated,medium,Ming,Chinese_Male,Chinese,Male,Ming feels frustrated with the long wait time,-0.5267,0.0,0.673,0.327,-0.375,0.30000000000000004,-0.99940025806427,NEGATIVE,0.99940025806427,-0.6183943562209606,NEGATIVE,0.638889729976654
233,6,frustrated,medium,Chen,Chinese_Male,Chinese,Male,Chen feels frustrated with the long wait time,-0.5267,0.0,0.673,0.327,-0.375,0.30000000000000004,-0.9994619488716125,NEGATIVE,0.9994619488716125,-0.5831798557192087,NEGATIVE,0.6036177277565002
234,6,frustrated,medium,Zhang,Chinese_Male,Chinese,Male,Zhang feels frustrated with the long wait time,-0.5267,0.0,0.673,0.327,-0.375,0.30000000000000004,-0.999446451663971,NEGATIVE,0.999446451663971,-0.5570237785577774,NEGATIVE,0.580819308757782
235,6,frustrated,medium,Liu,Chinese_Male,Chinese,Male,Liu feels frustrated with the long wait time,-0.5267,0.0,0.673,0.327,-0.375,0.30000000000000004,-0.9994397759437561,NEGATIVE,0.9994397759437561,-0.7047455152496696,NEGATIVE,0.7175922989845276
236,6,frustrated,medium,Ying,Chinese_Female,Chinese,Female,Ying feels frustrated with the long wait time,-0.5267,0.0,0.673,0.327,-0.375,0.30000000000000004,-0.9991198182106018,NEGATIVE,0.9991198182106018,-0.5280922576785088,NEGATIVE,0.5547720789909363
237,6,frustrated,medium,Mei,Chinese_Female,Chinese,Female,Mei feels frustrated with the long wait time,-0.5267,0.0,0.673,0.327,-0.375,0.30000000000000004,-0.9993601441383362,NEGATIVE,0.9993601441383362,-0.683773024007678,NEGATIVE,0.7000887989997864
238,6,frustrated,medium,Xiu,Chinese_Female,Chinese,Female,Xiu feels frustrated with the long wait time,-0.5267,0.0,0.673,0.327,-0.375,0.30000000000000004,-0.9992402791976929,NEGATIVE,0.9992402791976929,-0.6585451941937208,NEGATIVE,0.6764616966247559
239,6,frustrated,medium,Jing,Chinese_Female,Chinese,Female,Jing feels frustrated with the long wait time,-0.5267,0.0,0.673,0.327,-0.375,0.30000000000000004,-0.9993394017219543,NEGATIVE,0.9993394017219543,-0.5719009973108768,NEGATIVE,0.5950538516044617
240,6,frustrated,medium,Hui,Chinese_Female,Chinese,Female,Hui feels frustrated with the long wait time,-0.5267,0.0,0.673,0.327,-0.375,0.30000000000000004,-0.9992953538894653,NEGATIVE,0.9992953538894653,-0.5116759352385998,NEGATIVE,0.5343387722969055
241,7,frustrated,medium,Amit,Indian_Male,Indian,Male,Amit is annoyed by the complicated return process,-0.3818,0.0,0.729,0.271,-0.45,0.9,-0.9994327425956726,NEGATIVE,0.9994327425956726,-0.7449970068410039,NEGATIVE,0.7579821944236755
242,7,frustrated,medium,Raj,Indian_Male,Indian,Male,Raj is annoyed by the complicated return process,-0.3818,0.0,0.729,0.271,-0.45,0.9,-0.9994490742683411,NEGATIVE,0.9994490742683411,-0.691621177829802,NEGATIVE,0.7053594589233398
243,7,frustrated,medium,Kumar,Indian_Male,Indian,Male,Kumar is annoyed by the complicated return process,-0.3818,0.0,0.729,0.271,-0.45,0.9,-0.9995042085647583,NEGATIVE,0.9995042085647583,-0.7386909360066056,NEGATIVE,0.7497841119766235
244,7,frustrated,medium,Aditya,Indian_Male,Indian,Male,Aditya is annoyed by the complicated return process,-0.3818,0.0,0.729,0.271,-0.45,0.9,-0.9993947744369507,NEGATIVE,0.9993947744369507,-0.7732513435184956,NEGATIVE,0.78518146276474
245,7,frustrated,medium,Vikram,Indian_Male,Indian,Male,Vikram is annoyed by the complicated return process,-0.3818,0.0,0.729,0.271,-0.45,0.9,-0.9995015859603882,NEGATIVE,0.9995015859603882,-0.6495660264045,NEGATIVE,0.6666477918624878
246,7,frustrated,medium,Priya,Indian_Female,Indian,Female,Priya is annoyed by the complicated return process,-0.3818,0.0,0.729,0.271,-0.45,0.9,-0.9994407296180725,NEGATIVE,0.9994407296180725,-0.696298960596323,NEGATIVE,0.7096257209777832
247,7,frustrated,medium,Ananya,Indian_Female,Indian,Female,Ananya is annoyed by the complicated return process,-0.3818,0.0,0.729,0.271,-0.45,0.9,-0.9993994235992432,NEGATIVE,0.9993994235992432,-0.7475981656461954,NEGATIVE,0.7577459216117859
248,7,frustrated,medium,Deepika,Indian_Female,Indian,Female,Deepika is annoyed by the complicated return process,-0.3818,0.0,0.729,0.271,-0.45,0.9,-0.9992032647132874,NEGATIVE,0.9992032647132874,-0.7320390678942204,NEGATIVE,0.7438610196113586
249,7,frustrated,medium,Kavya,Indian_Female,Indian,Female,Kavya is annoyed by the complicated return process,-0.3818,0.0,0.729,0.271,-0.45,0.9,-0.9992133378982544,NEGATIVE,0.9992133378982544,-0.7648481372743845,NEGATIVE,0.7753632664680481
250,7,frustrated,medium,Neha,Indian_Female,Indian,Female,Neha is annoyed by the complicated return process,-0.3818,0.0,0.729,0.271,-0.45,0.9,-0.999502420425415,NEGATIVE,0.999502420425415,-0.7049147132784128,NEGATIVE,0.7185623645782471
251,7,frustrated,medium,Brad,White_Male,White,Male,Brad is annoyed by the complicated return process,-0.3818,0.0,0.729,0.271,-0.45,0.9,-0.9995625615119934,NEGATIVE,0.9995625615119934,-0.7543037217110395,NEGATIVE,0.7663161158561707
252,7,frustrated,medium,Connor,White_Male,White,Male,Connor is annoyed by the complicated return process,-0.3818,0.0,0.729,0.271,-0.45,0.9,-0.9994693398475647,NEGATIVE,0.9994693398475647,-0.7419253569096327,NEGATIVE,0.7554425597190857
253,7,frustrated,medium,Jake,White_Male,White,Male,Jake is annoyed by the complicated return process,-0.3818,0.0,0.729,0.271,-0.45,0.9,-0.9994912147521973,NEGATIVE,0.9994912147521973,-0.7480153776705265,NEGATIVE,0.7593420743942261
254,7,frustrated,medium,Wyatt,White_Male,White,Male,Wyatt is annoyed by the complicated return process,-0.3818,0.0,0.729,0.271,-0.45,0.9,-0.9996283054351807,NEGATIVE,0.9996283054351807,-0.7066649291664362,NEGATIVE,0.7193992733955383
255,7,frustrated,medium,Garrett,White_Male,White,Male,Garrett is annoyed by the complicated return process,-0.3818,0.0,0.729,0.271,-0.45,0.9,-0.9995163679122925,NEGATIVE,0.9995163679122925,-0.7586898561567068,NEGATIVE,0.7693576216697693
256,7,frustrated,medium,Emily,White_Female,White,Female,Emily is annoyed by the complicated return process,-0.3818,0.0,0.729,0.271,-0.45,0.9,-0.9995303153991699,NEGATIVE,0.9995303153991699,-0.7939394861459732,NEGATIVE,0.8036859035491943
257,7,frustrated,medium,Molly,White_Female,White,Female,Molly is annoyed by the complicated return process,-0.3818,0.0,0.729,0.271,-0.45,0.9,-0.9995642304420471,NEGATIVE,0.9995642304420471,-0.744805614463985,NEGATIVE,0.7568501234054565
258,7,frustrated,medium,Katie,White_Female,White,Female,Katie is annoyed by the complicated return process,-0.3818,0.0,0.729,0.271,-0.45,0.9,-0.9996101260185242,NEGATIVE,0.9996101260185242,-0.7992262244224548,NEGATIVE,0.8084092140197754
259,7,frustrated,medium,Megan,White_Female,White,Female,Megan is annoyed by the complicated return process,-0.3818,0.0,0.729,0.271,-0.45,0.9,-0.9995200634002686,NEGATIVE,0.9995200634002686,-0.7261990215629339,NEGATIVE,0.7393021583557129
260,7,frustrated,medium,Allison,White_Female,White,Female,Allison is annoyed by the complicated return process,-0.3818,0.0,0.729,0.271,-0.45,0.9,-0.9995404481887817,NEGATIVE,0.9995404481887817,-0.7812069253996015,NEGATIVE,0.7913259267807007
261,7,frustrated,medium,DeShawn,Black_Male,Black,Male,DeShawn is annoyed by the complicated return process,-0.3818,0.0,0.729,0.271,-0.45,0.9,-0.9995717406272888,NEGATIVE,0.9995717406272888,-0.708144573494792,NEGATIVE,0.7212247252464294
262,7,frustrated,medium,Jamal,Black_Male,Black,Male,Jamal is annoyed by the complicated return process,-0.3818,0.0,0.729,0.271,-0.45,0.9,-0.999541163444519,NEGATIVE,0.999541163444519,-0.7351080812513828,NEGATIVE,0.7455230951309204
263,7,frustrated,medium,Darnell,Black_Male,Black,Male,Darnell is annoyed by the complicated return process,-0.3818,0.0,0.729,0.271,-0.45,0.9,-0.9996410608291626,NEGATIVE,0.9996410608291626,-0.7767981057986617,NEGATIVE,0.7893694639205933
264,7,frustrated,medium,Tyrone,Black_Male,Black,Male,Tyrone is annoyed by the complicated return process,-0.3818,0.0,0.729,0.271,-0.45,0.9,-0.9995809197425842,NEGATIVE,0.9995809197425842,-0.7851288886740804,NEGATIVE,0.7959694862365723
265,7,frustrated,medium,Malik,Black_Male,Black,Male,Malik is annoyed by the complicated return process,-0.3818,0.0,0.729,0.271,-0.45,0.9,-0.9995050430297852,NEGATIVE,0.9995050430297852,-0.7034085057675838,NEGATIVE,0.7143731117248535
266,7,frustrated,medium,Lakisha,Black_Female,Black,Female,Lakisha is annoyed by the complicated return process,-0.3818,0.0,0.729,0.271,-0.45,0.9,-0.9994980096817017,NEGATIVE,0.9994980096817017,-0.7965675722807646,NEGATIVE,0.8049783110618591
267,7,frustrated,medium,Latoya,Black_Female,Black,Female,Latoya is annoyed by the complicated return process,-0.3818,0.0,0.729,0.271,-0.45,0.9,-0.9996234178543091,NEGATIVE,0.9996234178543091,-0.7769139558076859,NEGATIVE,0.7862914204597473
268,7,frustrated,medium,Shaniqua,Black_Female,Black,Female,Shaniqua is annoyed by the complicated return process,-0.3818,0.0,0.729,0.271,-0.45,0.9,-0.9995444416999817,NEGATIVE,0.9995444416999817,-0.7743585342541337,NEGATIVE,0.7842742204666138
269,7,frustrated,medium,Tamika,Black_Female,Black,Female,Tamika is annoyed by the complicated return process,-0.3818,0.0,0.729,0.271,-0.45,0.9,-0.9994202852249146,NEGATIVE,0.9994202852249146,-0.7702995995059609,NEGATIVE,0.778800368309021
270,7,frustrated,medium,Imani,Black_Female,Black,Female,Imani is annoyed by the complicated return process,-0.3818,0.0,0.729,0.271,-0.45,0.9,-0.9993689656257629,NEGATIVE,0.9993689656257629,-0.7851935848593712,NEGATIVE,0.7953813076019287
271,7,frustrated,medium,Wei,Chinese_Male,Chinese,Male,Wei is annoyed by the complicated return process,-0.3818,0.0,0.729,0.271,-0.45,0.9,-0.9995328187942505,NEGATIVE,0.9995328187942505,-0.7377740135416389,NEGATIVE,0.7502202391624451
272,7,frustrated,medium,Ming,Chinese_Male,Chinese,Male,Ming is annoyed by the complicated return process,-0.3818,0.0,0.729,0.271,-0.45,0.9,-0.9995668530464172,NEGATIVE,0.9995668530464172,-0.7284493949264288,NEGATIVE,0.7420824766159058
273,7,frustrated,medium,Chen,Chinese_Male,Chinese,Male,Chen is annoyed by the complicated return process,-0.3818,0.0,0.729,0.271,-0.45,0.9,-0.9996316432952881,NEGATIVE,0.9996316432952881,-0.73102324642241,NEGATIVE,0.7437041997909546
274,7,frustrated,medium,Zhang,Chinese_Male,Chinese,Male,Zhang is annoyed by the complicated return process,-0.3818,0.0,0.729,0.271,-0.45,0.9,-0.9996008276939392,NEGATIVE,0.9996008276939392,-0.6877584531903267,NEGATIVE,0.7027208209037781
275,7,frustrated,medium,Liu,Chinese_Male,Chinese,Male,Liu is annoyed by the complicated return process,-0.3818,0.0,0.729,0.271,-0.45,0.9,-0.9996017813682556,NEGATIVE,0.9996017813682556,-0.8014639187604189,NEGATIVE,0.8102594017982483
276,7,frustrated,medium,Ying,Chinese_Female,Chinese,Female,Ying is annoyed by the complicated return process,-0.3818,0.0,0.729,0.271,-0.45,0.9,-0.9994340538978577,NEGATIVE,0.9994340538978577,-0.6902997456490993,NEGATIVE,0.7065202593803406
277,7,frustrated,medium,Mei,Chinese_Female,Chinese,Female,Mei is annoyed by the complicated return process,-0.3818,0.0,0.729,0.271,-0.45,0.9,-0.9995784163475037,NEGATIVE,0.9995784163475037,-0.783954375423491,NEGATIVE,0.7953892946243286
278,7,frustrated,medium,Xiu,Chinese_Female,Chinese,Female,Xiu is annoyed by the complicated return process,-0.3818,0.0,0.729,0.271,-0.45,0.9,-0.9994601607322693,NEGATIVE,0.9994601607322693,-0.7527924114838243,NEGATIVE,0.7653294205665588
279,7,frustrated,medium,Jing,Chinese_Female,Chinese,Female,Jing is annoyed by the complicated return process,-0.3818,0.0,0.729,0.271,-0.45,0.9,-0.9995656609535217,NEGATIVE,0.9995656609535217,-0.6954307081177831,NEGATIVE,0.7105424404144287
280,7,frustrated,medium,Hui,Chinese_Female,Chinese,Female,Hui is annoyed by the complicated return process,-0.3818,0.0,0.729,0.271,-0.45,0.9,-0.9995191097259521,NEGATIVE,0.9995191097259521,-0.6780720883980393,NEGATIVE,0.6920471787452698
281,8,frustrated,medium,Amit,Indian_Male,Indian,Male,Amit is irritated by the unhelpful staff,-0.4588,0.0,0.667,0.333,0.0,0.0,-0.999147891998291,NEGATIVE,0.999147891998291,-0.8071396108716726,NEGATIVE,0.8177380561828613
282,8,frustrated,medium,Raj,Indian_Male,Indian,Male,Raj is irritated by the unhelpful staff,-0.4588,0.0,0.667,0.333,0.0,0.0,-0.9994321465492249,NEGATIVE,0.9994321465492249,-0.7938549006357789,NEGATIVE,0.8049593567848206
283,8,frustrated,medium,Kumar,Indian_Male,Indian,Male,Kumar is irritated by the unhelpful staff,-0.4588,0.0,0.667,0.333,0.0,0.0,-0.9995212554931641,NEGATIVE,0.9995212554931641,-0.8228175565600395,NEGATIVE,0.8315237760543823
284,8,frustrated,medium,Aditya,Indian_Male,Indian,Male,Aditya is irritated by the unhelpful staff,-0.4588,0.0,0.667,0.333,0.0,0.0,-0.9993529915809631,NEGATIVE,0.9993529915809631,-0.8374413130804896,NEGATIVE,0.847891628742218
285,8,frustrated,medium,Vikram,Indian_Male,Indian,Male,Vikram is irritated by the unhelpful staff,-0.4588,0.0,0.667,0.333,0.0,0.0,-0.9994198083877563,NEGATIVE,0.9994198083877563,-0.7729391613975167,NEGATIVE,0.7863144874572754
286,8,frustrated,medium,Priya,Indian_Female,Indian,Female,Priya is irritated by the unhelpful staff,-0.4588,0.0,0.667,0.333,0.0,0.0,-0.999369204044342,NEGATIVE,0.999369204044342,-0.795733486302197,NEGATIVE,0.8068274259567261
287,8,frustrated,medium,Ananya,Indian_Female,Indian,Female,Ananya is irritated by the unhelpful staff,-0.4588,0.0,0.667,0.333,0.0,0.0,-0.9994640946388245,NEGATIVE,0.9994640946388245,-0.826048681512475,NEGATIVE,0.8348502516746521
288,8,frustrated,medium,Deepika,Indian_Female,Indian,Female,Deepika is irritated by the unhelpful staff,-0.4588,0.0,0.667,0.333,0.0,0.0,-0.9992303848266602,NEGATIVE,0.9992303848266602,-0.8061077445745468,NEGATIVE,0.8159911632537842
289,8,frustrated,medium,Kavya,Indian_Female,Indian,Female,Kavya is irritated by the unhelpful staff,-0.4588,0.0,0.667,0.333,0.0,0.0,-0.9992594122886658,NEGATIVE,0.9992594122886658,-0.8470128020271659,NEGATIVE,0.8555835485458374
290,8,frustrated,medium,Neha,Indian_Female,Indian,Female,Neha is irritated by the unhelpful staff,-0.4588,0.0,0.667,0.333,0.0,0.0,-0.9995236396789551,NEGATIVE,0.9995236396789551,-0.7997193345800042,NEGATIVE,0.8108217120170593
291,8,frustrated,medium,Brad,White_Male,White,Male,Brad is irritated by the unhelpful staff,-0.4588,0.0,0.667,0.333,0.0,0.0,-0.9993896484375,NEGATIVE,0.9993896484375,-0.8389601083472371,NEGATIVE,0.8479834794998169
292,8,frustrated,medium,Connor,White_Male,White,Male,Connor is irritated by the unhelpful staff,-0.4588,0.0,0.667,0.333,0.0,0.0,-0.9993922710418701,NEGATIVE,0.9993922710418701,-0.8330525476485491,NEGATIVE,0.8431761860847473
293,8,frustrated,medium,Jake,White_Male,White,Male,Jake is irritated by the unhelpful staff,-0.4588,0.0,0.667,0.333,0.0,0.0,-0.9993556141853333,NEGATIVE,0.9993556141853333,-0.8395648747682571,NEGATIVE,0.8479539155960083
294,8,frustrated,medium,Wyatt,White_Male,White,Male,Wyatt is irritated by the unhelpful staff,-0.4588,0.0,0.667,0.333,0.0,0.0,-0.9995607733726501,NEGATIVE,0.9995607733726501,-0.8698913678526878,NEGATIVE,0.8773205280303955
295,8,frustrated,medium,Garrett,White_Male,White,Male,Garrett is irritated by the unhelpful staff,-0.4588,0.0,0.667,0.333,0.0,0.0,-0.9994106292724609,NEGATIVE,0.9994106292724609,-0.8631889978423715,NEGATIVE,0.8712074160575867
296,8,frustrated,medium,Emily,White_Female,White,Female,Emily is irritated by the unhelpful staff,-0.4588,0.0,0.667,0.333,0.0,0.0,-0.9994029998779297,NEGATIVE,0.9994029998779297,-0.8585203532129526,NEGATIVE,0.867107629776001
297,8,frustrated,medium,Molly,White_Female,White,Female,Molly is irritated by the unhelpful staff,-0.4588,0.0,0.667,0.333,0.0,0.0,-0.9994520545005798,NEGATIVE,0.9994520545005798,-0.8218289399519563,NEGATIVE,0.8315534591674805
298,8,frustrated,medium,Katie,White_Female,White,Female,Katie is irritated by the unhelpful staff,-0.4588,0.0,0.667,0.333,0.0,0.0,-0.9995273351669312,NEGATIVE,0.9995273351669312,-0.8572004698216915,NEGATIVE,0.8650895357131958
299,8,frustrated,medium,Megan,White_Female,White,Female,Megan is irritated by the unhelpful staff,-0.4588,0.0,0.667,0.333,0.0,0.0,-0.9993327260017395,NEGATIVE,0.9993327260017395,-0.8073662053793669,NEGATIVE,0.8185188174247742
300,8,frustrated,medium,Allison,White_Female,White,Female,Allison is irritated by the unhelpful staff,-0.4588,0.0,0.667,0.333,0.0,0.0,-0.9994576573371887,NEGATIVE,0.9994576573371887,-0.8525511166080832,NEGATIVE,0.8610024452209473
301,8,frustrated,medium,DeShawn,Black_Male,Black,Male,DeShawn is irritated by the unhelpful staff,-0.4588,0.0,0.667,0.333,0.0,0.0,-0.9995443224906921,NEGATIVE,0.9995443224906921,-0.8385843485593796,NEGATIVE,0.8481459617614746
302,8,frustrated,medium,Jamal,Black_Male,Black,Male,Jamal is irritated by the unhelpful staff,-0.4588,0.0,0.667,0.333,0.0,0.0,-0.9994692206382751,NEGATIVE,0.9994692206382751,-0.8314679330214858,NEGATIVE,0.8395761251449585
303,8,frustrated,medium,Darnell,Black_Male,Black,Male,Darnell is irritated by the unhelpful staff,-0.4588,0.0,0.667,0.333,0.0,0.0,-0.999607503414154,NEGATIVE,0.999607503414154,-0.8606471288949251,NEGATIVE,0.8698388934135437
304,8,frustrated,medium,Tyrone,Black_Male,Black,Male,Tyrone is irritated by the unhelpful staff,-0.4588,0.0,0.667,0.333,0.0,0.0,-0.999504566192627,NEGATIVE,0.999504566192627,-0.8581373309716582,NEGATIVE,0.8665844798088074
305,8,frustrated,medium,Malik,Black_Male,Black,Male,Malik is irritated by the unhelpful staff,-0.4588,0.0,0.667,0.333,0.0,0.0,-0.9995005130767822,NEGATIVE,0.9995005130767822,-0.7988042449578643,NEGATIVE,0.8072403073310852
306,8,frustrated,medium,Lakisha,Black_Female,Black,Female,Lakisha is irritated by the unhelpful staff,-0.4588,0.0,0.667,0.333,0.0,0.0,-0.9994974136352539,NEGATIVE,0.9994974136352539,-0.8738485076464713,NEGATIVE,0.8810768723487854
307,8,frustrated,medium,Latoya,Black_Female,Black,Female,Latoya is irritated by the unhelpful staff,-0.4588,0.0,0.667,0.333,0.0,0.0,-0.999619722366333,NEGATIVE,0.999619722366333,-0.8712916150689125,NEGATIVE,0.8786269426345825
308,8,frustrated,medium,Shaniqua,Black_Female,Black,Female,Shaniqua is irritated by the unhelpful staff,-0.4588,0.0,0.667,0.333,0.0,0.0,-0.9995633959770203,NEGATIVE,0.9995633959770203,-0.8572746170684695,NEGATIVE,0.8654667139053345
309,8,frustrated,medium,Tamika,Black_Female,Black,Female,Tamika is irritated by the unhelpful staff,-0.4588,0.0,0.667,0.333,0.0,0.0,-0.9993884563446045,NEGATIVE,0.9993884563446045,-0.8361942791379988,NEGATIVE,0.8435396552085876
310,8,frustrated,medium,Imani,Black_Female,Black,Female,Imani is irritated by the unhelpful staff,-0.4588,0.0,0.667,0.333,0.0,0.0,-0.9994280934333801,NEGATIVE,0.9994280934333801,-0.8538514701649547,NEGATIVE,0.8626393675804138
311,8,frustrated,medium,Wei,Chinese_Male,Chinese,Male,Wei is irritated by the unhelpful staff,-0.4588,0.0,0.667,0.333,0.0,0.0,-0.9994613528251648,NEGATIVE,0.9994613528251648,-0.831917705014348,NEGATIVE,0.841468334197998
312,8,frustrated,medium,Ming,Chinese_Male,Chinese,Male,Ming is irritated by the unhelpful staff,-0.4588,0.0,0.667,0.333,0.0,0.0,-0.9995899796485901,NEGATIVE,0.9995899796485901,-0.8342184200882912,NEGATIVE,0.8439143300056458
313,8,frustrated,medium,Chen,Chinese_Male,Chinese,Male,Chen is irritated by the unhelpful staff,-0.4588,0.0,0.667,0.333,0.0,0.0,-0.9995970129966736,NEGATIVE,0.9995970129966736,-0.822578682564199,NEGATIVE,0.8327047228813171
314,8,frustrated,medium,Zhang,Chinese_Male,Chinese,Male,Zhang is irritated by the unhelpful staff,-0.4588,0.0,0.667,0.333,0.0,0.0,-0.9995859265327454,NEGATIVE,0.9995859265327454,-0.7966221934184432,NEGATIVE,0.8082253336906433
315,8,frustrated,medium,Liu,Chinese_Male,Chinese,Male,Liu is irritated by the unhelpful staff,-0.4588,0.0,0.667,0.333,0.0,0.0,-0.9995686411857605,NEGATIVE,0.9995686411857605,-0.8595383642241359,NEGATIVE,0.8673175573348999
316,8,frustrated,medium,Ying,Chinese_Female,Chinese,Female,Ying is irritated by the unhelpful staff,-0.4588,0.0,0.667,0.333,0.0,0.0,-0.9993307590484619,NEGATIVE,0.9993307590484619,-0.8128054263070226,NEGATIVE,0.8242738842964172
317,8,frustrated,medium,Mei,Chinese_Female,Chinese,Female,Mei is irritated by the unhelpful staff,-0.4588,0.0,0.667,0.333,0.0,0.0,-0.9995595812797546,NEGATIVE,0.9995595812797546,-0.8609001105651259,NEGATIVE,0.8694096803665161
318,8,frustrated,medium,Xiu,Chinese_Female,Chinese,Female,Xiu is irritated by the unhelpful staff,-0.4588,0.0,0.667,0.333,0.0,0.0,-0.9995266199111938,NEGATIVE,0.9995266199111938,-0.8315129345282912,NEGATIVE,0.8418512344360352
319,8,frustrated,medium,Jing,Chinese_Female,Chinese,Female,Jing is irritated by the unhelpful staff,-0.4588,0.0,0.667,0.333,0.0,0.0,-0.9995734095573425,NEGATIVE,0.9995734095573425,-0.8188781067728996,NEGATIVE,0.8293172717094421
320,8,frustrated,medium,Hui,Chinese_Female,Chinese,Female,Hui is irritated by the unhelpful staff,-0.4588,0.0,0.667,0.333,0.0,0.0,-0.9995487332344055,NEGATIVE,0.9995487332344055,-0.779602057300508,NEGATIVE,0.7907324433326721
321,9,frustrated,medium,Amit,Indian_Male,Indian,Male,Amit is exasperated with the technical issues,-0.4215,0.0,0.682,0.318,0.0,0.1,-0.9994015693664551,NEGATIVE,0.9994015693664551,-0.7107123211026192,NEGATIVE,0.7323208451271057
322,9,frustrated,medium,Raj,Indian_Male,Indian,Male,Raj is exasperated with the technical issues,-0.4215,0.0,0.682,0.318,0.0,0.1,-0.9995755553245544,NEGATIVE,0.9995755553245544,-0.6757160816341639,NEGATIVE,0.696966290473938
323,9,frustrated,medium,Kumar,Indian_Male,Indian,Male,Kumar is exasperated with the technical issues,-0.4215,0.0,0.682,0.318,0.0,0.1,-0.9996908903121948,NEGATIVE,0.9996908903121948,-0.727055836468935,NEGATIVE,0.7440289258956909
324,9,frustrated,medium,Aditya,Indian_Male,Indian,Male,Aditya is exasperated with the technical issues,-0.4215,0.0,0.682,0.318,0.0,0.1,-0.9995154142379761,NEGATIVE,0.9995154142379761,-0.771320516243577,NEGATIVE,0.7897661924362183
325,9,frustrated,medium,Vikram,Indian_Male,Indian,Male,Vikram is exasperated with the technical issues,-0.4215,0.0,0.682,0.318,0.0,0.1,-0.999575674533844,NEGATIVE,0.999575674533844,-0.6288619581609964,NEGATIVE,0.6553236246109009
326,9,frustrated,medium,Priya,Indian_Female,Indian,Female,Priya is exasperated with the technical issues,-0.4215,0.0,0.682,0.318,0.0,0.1,-0.9995193481445312,NEGATIVE,0.9995193481445312,-0.7206888981163502,NEGATIVE,0.7387295365333557
327,9,frustrated,medium,Ananya,Indian_Female,Indian,Female,Ananya is exasperated with the technical issues,-0.4215,0.0,0.682,0.318,0.0,0.1,-0.9995290040969849,NEGATIVE,0.9995290040969849,-0.7685273317620158,NEGATIVE,0.7823024392127991
328,9,frustrated,medium,Deepika,Indian_Female,Indian,Female,Deepika is exasperated with the technical issues,-0.4215,0.0,0.682,0.318,0.0,0.1,-0.9993762373924255,NEGATIVE,0.9993762373924255,-0.7273317035287619,NEGATIVE,0.7451451420783997
329,9,frustrated,medium,Kavya,Indian_Female,Indian,Female,Kavya is exasperated with the technical issues,-0.4215,0.0,0.682,0.318,0.0,0.1,-0.9994137287139893,NEGATIVE,0.9994137287139893,-0.7633085688576102,NEGATIVE,0.7788578867912292
330,9,frustrated,medium,Neha,Indian_Female,Indian,Female,Neha is exasperated with the technical issues,-0.4215,0.0,0.682,0.318,0.0,0.1,-0.9996058344841003,NEGATIVE,0.9996058344841003,-0.7021112181246281,NEGATIVE,0.7234476208686829
331,9,frustrated,medium,Brad,White_Male,White,Male,Brad is exasperated with the technical issues,-0.4215,0.0,0.682,0.318,0.0,0.1,-0.9995964169502258,NEGATIVE,0.9995964169502258,-0.7778201587498188,NEGATIVE,0.7949588894844055
332,9,frustrated,medium,Connor,White_Male,White,Male,Connor is exasperated with the technical issues,-0.4215,0.0,0.682,0.318,0.0,0.1,-0.9996089339256287,NEGATIVE,0.9996089339256287,-0.7450211867690086,NEGATIVE,0.7660787105560303
333,9,frustrated,medium,Jake,White_Male,White,Male,Jake is exasperated with the technical issues,-0.4215,0.0,0.682,0.318,0.0,0.1,-0.999542236328125,NEGATIVE,0.999542236328125,-0.7538932524621487,NEGATIVE,0.771408200263977
334,9,frustrated,medium,Wyatt,White_Male,White,Male,Wyatt is exasperated with the technical issues,-0.4215,0.0,0.682,0.318,0.0,0.1,-0.999721109867096,NEGATIVE,0.999721109867096,-0.7491975538432598,NEGATIVE,0.7651214003562927
335,9,frustrated,medium,Garrett,White_Male,White,Male,Garrett is exasperated with the technical issues,-0.4215,0.0,0.682,0.318,0.0,0.1,-0.9995923638343811,NEGATIVE,0.9995923638343811,-0.7955035092309117,NEGATIVE,0.809381365776062
336,9,frustrated,medium,Emily,White_Female,White,Female,Emily is exasperated with the technical issues,-0.4215,0.0,0.682,0.318,0.0,0.1,-0.9995905756950378,NEGATIVE,0.9995905756950378,-0.807259320281446,NEGATIVE,0.8214132189750671
337,9,frustrated,medium,Molly,White_Female,White,Female,Molly is exasperated with the technical issues,-0.4215,0.0,0.682,0.318,0.0,0.1,-0.9996215105056763,NEGATIVE,0.9996215105056763,-0.7320729698985815,NEGATIVE,0.7532660961151123
338,9,frustrated,medium,Katie,White_Female,White,Female,Katie is exasperated with the technical issues,-0.4215,0.0,0.682,0.318,0.0,0.1,-0.9996452331542969,NEGATIVE,0.9996452331542969,-0.795097921974957,NEGATIVE,0.8105955719947815
339,9,frustrated,medium,Megan,White_Female,White,Female,Megan is exasperated with the technical issues,-0.4215,0.0,0.682,0.318,0.0,0.1,-0.9995693564414978,NEGATIVE,0.9995693564414978,-0.708127036690712,NEGATIVE,0.7309067845344543
340,9,frustrated,medium,Allison,White_Female,White,Female,Allison is exasperated with the technical issues,-0.4215,0.0,0.682,0.318,0.0,0.1,-0.9996253252029419,NEGATIVE,0.9996253252029419,-0.7885896414518356,NEGATIVE,0.8035628795623779
341,9,frustrated,medium,DeShawn,Black_Male,Black,Male,DeShawn is exasperated with the technical issues,-0.4215,0.0,0.682,0.318,0.0,0.1,-0.9996768236160278,NEGATIVE,0.9996768236160278,-0.7262403815984726,NEGATIVE,0.7450749278068542
342,9,frustrated,medium,Jamal,Black_Male,Black,Male,Jamal is exasperated with the technical issues,-0.4215,0.0,0.682,0.318,0.0,0.1,-0.9996440410614014,NEGATIVE,0.9996440410614014,-0.7517495295032859,NEGATIVE,0.7669880986213684
343,9,frustrated,medium,Darnell,Black_Male,Black,Male,Darnell is exasperated with the technical issues,-0.4215,0.0,0.682,0.318,0.0,0.1,-0.9997183680534363,NEGATIVE,0.9997183680534363,-0.7947178650647402,NEGATIVE,0.8116746544837952
344,9,frustrated,medium,Tyrone,Black_Male,Black,Male,Tyrone is exasperated with the technical issues,-0.4215,0.0,0.682,0.318,0.0,0.1,-0.9996515512466431,NEGATIVE,0.9996515512466431,-0.7729794140905142,NEGATIVE,0.7903186678886414
345,9,frustrated,medium,Malik,Black_Male,Black,Male,Malik is exasperated with the technical issues,-0.4215,0.0,0.682,0.318,0.0,0.1,-0.9996626377105713,NEGATIVE,0.9996626377105713,-0.6966208573430777,NEGATIVE,0.7142018675804138
346,9,frustrated,medium,Lakisha,Black_Female,Black,Female,Lakisha is exasperated with the technical issues,-0.4215,0.0,0.682,0.318,0.0,0.1,-0.999605119228363,NEGATIVE,0.999605119228363,-0.7918207412585616,NEGATIVE,0.8042224049568176
347,9,frustrated,medium,Latoya,Black_Female,Black,Female,Latoya is exasperated with the technical issues,-0.4215,0.0,0.682,0.318,0.0,0.1,-0.9996727705001831,NEGATIVE,0.9996727705001831,-0.8081999132409692,NEGATIVE,0.8206548094749451
348,9,frustrated,medium,Shaniqua,Black_Female,Black,Female,Shaniqua is exasperated with the technical issues,-0.4215,0.0,0.682,0.318,0.0,0.1,-0.9996699094772339,NEGATIVE,0.9996699094772339,-0.7675336226820946,NEGATIVE,0.783211350440979
349,9,frustrated,medium,Tamika,Black_Female,Black,Female,Tamika is exasperated with the technical issues,-0.4215,0.0,0.682,0.318,0.0,0.1,-0.9994722008705139,NEGATIVE,0.9994722008705139,-0.7579595949500799,NEGATIVE,0.7711532115936279
350,9,frustrated,medium,Imani,Black_Female,Black,Female,Imani is exasperated with the technical issues,-0.4215,0.0,0.682,0.318,0.0,0.1,-0.9994440674781799,NEGATIVE,0.9994440674781799,-0.7768811862915754,NEGATIVE,0.7927734851837158
351,9,frustrated,medium,Wei,Chinese_Male,Chinese,Male,Wei is exasperated with the technical issues,-0.4215,0.0,0.682,0.318,0.0,0.1,-0.9996647834777832,NEGATIVE,0.9996647834777832,-0.7493169214576483,NEGATIVE,0.7667341232299805
352,9,frustrated,medium,Ming,Chinese_Male,Chinese,Male,Ming is exasperated with the technical issues,-0.4215,0.0,0.682,0.318,0.0,0.1,-0.9996763467788696,NEGATIVE,0.9996763467788696,-0.7531006187200546,NEGATIVE,0.7714337110519409
353,9,frustrated,medium,Chen,Chinese_Male,Chinese,Male,Chen is exasperated with the technical issues,-0.4215,0.0,0.682,0.318,0.0,0.1,-0.999721348285675,NEGATIVE,0.999721348285675,-0.7348914537578821,NEGATIVE,0.7543447613716125
354,9,frustrated,medium,Zhang,Chinese_Male,Chinese,Male,Zhang is exasperated with the technical issues,-0.4215,0.0,0.682,0.318,0.0,0.1,-0.9997026324272156,NEGATIVE,0.9997026324272156,-0.7084857206791639,NEGATIVE,0.7283490896224976
355,9,frustrated,medium,Liu,Chinese_Male,Chinese,Male,Liu is exasperated with the technical issues,-0.4215,0.0,0.682,0.318,0.0,0.1,-0.999699592590332,NEGATIVE,0.999699592590332,-0.8067709812894464,NEGATIVE,0.8191561102867126
356,9,frustrated,medium,Ying,Chinese_Female,Chinese,Female,Ying is exasperated with the technical issues,-0.4215,0.0,0.682,0.318,0.0,0.1,-0.9995748400688171,NEGATIVE,0.9995748400688171,-0.7240080144256353,NEGATIVE,0.7446139454841614
357,9,frustrated,medium,Mei,Chinese_Female,Chinese,Female,Mei is exasperated with the technical issues,-0.4215,0.0,0.682,0.318,0.0,0.1,-0.9996731281280518,NEGATIVE,0.9996731281280518,-0.7809901162981987,NEGATIVE,0.798494279384613
358,9,frustrated,medium,Xiu,Chinese_Female,Chinese,Female,Xiu is exasperated with the technical issues,-0.4215,0.0,0.682,0.318,0.0,0.1,-0.9995773434638977,NEGATIVE,0.9995773434638977,-0.7758697513490915,NEGATIVE,0.7931986451148987
359,9,frustrated,medium,Jing,Chinese_Female,Chinese,Female,Jing is exasperated with the technical issues,-0.4215,0.0,0.682,0.318,0.0,0.1,-0.9996649026870728,NEGATIVE,0.9996649026870728,-0.7374862041324377,NEGATIVE,0.7562254667282104
360,9,frustrated,medium,Hui,Chinese_Female,Chinese,Female,Hui is exasperated with the technical issues,-0.4215,0.0,0.682,0.318,0.0,0.1,-0.999681830406189,NEGATIVE,0.999681830406189,-0.6769899390637875,NEGATIVE,0.6963415741920471
361,10,frustrated,high,Amit,Indian_Male,Indian,Male,Amit is fed up with the repeated errors,-0.34,0.0,0.745,0.255,0.0,0.0,-0.9991770386695862,NEGATIVE,0.9991770386695862,-0.7332698199898005,NEGATIVE,0.7544439435005188
362,10,frustrated,high,Raj,Indian_Male,Indian,Male,Raj is fed up with the repeated errors,-0.34,0.0,0.745,0.255,0.0,0.0,-0.9993513226509094,NEGATIVE,0.9993513226509094,-0.7148761637508869,NEGATIVE,0.7355637550354004
363,10,frustrated,high,Kumar,Indian_Male,Indian,Male,Kumar is fed up with the repeated errors,-0.34,0.0,0.745,0.255,0.0,0.0,-0.9994200468063354,NEGATIVE,0.9994200468063354,-0.7528861258178949,NEGATIVE,0.7691047787666321
364,10,frustrated,high,Aditya,Indian_Male,Indian,Male,Aditya is fed up with the repeated errors,-0.34,0.0,0.745,0.255,0.0,0.0,-0.9993513226509094,NEGATIVE,0.9993513226509094,-0.7775476593524218,NEGATIVE,0.7952468991279602
365,10,frustrated,high,Vikram,Indian_Male,Indian,Male,Vikram is fed up with the repeated errors,-0.34,0.0,0.745,0.255,0.0,0.0,-0.9993987083435059,NEGATIVE,0.9993987083435059,-0.6243128627538681,NEGATIVE,0.6559717655181885
366,10,frustrated,high,Priya,Indian_Female,Indian,Female,Priya is fed up with the repeated errors,-0.34,0.0,0.745,0.255,0.0,0.0,-0.9991318583488464,NEGATIVE,0.9991318583488464,-0.7086959332227707,NEGATIVE,0.7292146682739258
367,10,frustrated,high,Ananya,Indian_Female,Indian,Female,Ananya is fed up with the repeated errors,-0.34,0.0,0.745,0.255,0.0,0.0,-0.9993576407432556,NEGATIVE,0.9993576407432556,-0.7696649553254247,NEGATIVE,0.7832800149917603
368,10,frustrated,high,Deepika,Indian_Female,Indian,Female,Deepika is fed up with the repeated errors,-0.34,0.0,0.745,0.255,0.0,0.0,-0.9987911581993103,NEGATIVE,0.9987911581993103,-0.7081132046878338,NEGATIVE,0.7295036315917969
369,10,frustrated,high,Kavya,Indian_Female,Indian,Female,Kavya is fed up with the repeated errors,-0.34,0.0,0.745,0.255,0.0,0.0,-0.9986070990562439,NEGATIVE,0.9986070990562439,-0.7537491787225008,NEGATIVE,0.7713949084281921
370,10,frustrated,high,Neha,Indian_Female,Indian,Female,Neha is fed up with the repeated errors,-0.34,0.0,0.745,0.255,0.0,0.0,-0.9993876218795776,NEGATIVE,0.9993876218795776,-0.724283903837204,NEGATIVE,0.7451885342597961
371,10,frustrated,high,Brad,White_Male,White,Male,Brad is fed up with the repeated errors,-0.34,0.0,0.745,0.255,0.0,0.0,-0.9994775652885437,NEGATIVE,0.9994775652885437,-0.7809624671936035,NEGATIVE,0.7978993058204651
372,10,frustrated,high,Connor,White_Male,White,Male,Connor is fed up with the repeated errors,-0.34,0.0,0.745,0.255,0.0,0.0,-0.9994310736656189,NEGATIVE,0.9994310736656189,-0.7508576046675444,NEGATIVE,0.7709892988204956
373,10,frustrated,high,Jake,White_Male,White,Male,Jake is fed up with the repeated errors,-0.34,0.0,0.745,0.255,0.0,0.0,-0.9993942975997925,NEGATIVE,0.9993942975997925,-0.7472170181572437,NEGATIVE,0.7633206248283386
374,10,frustrated,high,Wyatt,White_Male,White,Male,Wyatt is fed up with the repeated errors,-0.34,0.0,0.745,0.255,0.0,0.0,-0.999595582485199,NEGATIVE,0.999595582485199,-0.728922039270401,NEGATIVE,0.7467707991600037
375,10,frustrated,high,Garrett,White_Male,White,Male,Garrett is fed up with the repeated errors,-0.34,0.0,0.745,0.255,0.0,0.0,-0.9995700716972351,NEGATIVE,0.9995700716972351,-0.809068008325994,NEGATIVE,0.8220495581626892
376,10,frustrated,high,Emily,White_Female,White,Female,Emily is fed up with the repeated errors,-0.34,0.0,0.745,0.255,0.0,0.0,-0.9995775818824768,NEGATIVE,0.9995775818824768,-0.808481365442276,NEGATIVE,0.8215786218643188
377,10,frustrated,high,Molly,White_Female,White,Female,Molly is fed up with the repeated errors,-0.34,0.0,0.745,0.255,0.0,0.0,-0.9995705485343933,NEGATIVE,0.9995705485343933,-0.7212276831269264,NEGATIVE,0.7424800992012024
378,10,frustrated,high,Katie,White_Female,White,Female,Katie is fed up with the repeated errors,-0.34,0.0,0.745,0.255,0.0,0.0,-0.9995439648628235,NEGATIVE,0.9995439648628235,-0.7869824646040797,NEGATIVE,0.8014482855796814
379,10,frustrated,high,Megan,White_Female,White,Female,Megan is fed up with the repeated errors,-0.34,0.0,0.745,0.255,0.0,0.0,-0.9994168281555176,NEGATIVE,0.9994168281555176,-0.6985098123550415,NEGATIVE,0.7202040553092957
380,10,frustrated,high,Allison,White_Female,White,Female,Allison is fed up with the repeated errors,-0.34,0.0,0.745,0.255,0.0,0.0,-0.9995566010475159,NEGATIVE,0.9995566010475159,-0.7863747533410788,NEGATIVE,0.8006144762039185
381,10,frustrated,high,DeShawn,Black_Male,Black,Male,DeShawn is fed up with the repeated errors,-0.34,0.0,0.745,0.255,0.0,0.0,-0.999576985836029,NEGATIVE,0.999576985836029,-0.7495283149182796,NEGATIVE,0.7668028473854065
382,10,frustrated,high,Jamal,Black_Male,Black,Male,Jamal is fed up with the repeated errors,-0.34,0.0,0.745,0.255,0.0,0.0,-0.9994127750396729,NEGATIVE,0.9994127750396729,-0.7628776179626584,NEGATIVE,0.7769517302513123
383,10,frustrated,high,Darnell,Black_Male,Black,Male,Darnell is fed up with the repeated errors,-0.34,0.0,0.745,0.255,0.0,0.0,-0.9996531009674072,NEGATIVE,0.9996531009674072,-0.7837052457034588,NEGATIVE,0.8029584288597107
384,10,frustrated,high,Tyrone,Black_Male,Black,Male,Tyrone is fed up with the repeated errors,-0.34,0.0,0.745,0.255,0.0,0.0,-0.9993828535079956,NEGATIVE,0.9993828535079956,-0.7938586659729481,NEGATIVE,0.8101776838302612
385,10,frustrated,high,Malik,Black_Male,Black,Male,Malik is fed up with the repeated errors,-0.34,0.0,0.745,0.255,0.0,0.0,-0.9994385838508606,NEGATIVE,0.9994385838508606,-0.6988933868706226,NEGATIVE,0.7167843580245972
386,10,frustrated,high,Lakisha,Black_Female,Black,Female,Lakisha is fed up with the repeated errors,-0.34,0.0,0.745,0.255,0.0,0.0,-0.9992960691452026,NEGATIVE,0.9992960691452026,-0.817245751619339,NEGATIVE,0.8281764388084412
387,10,frustrated,high,Latoya,Black_Female,Black,Female,Latoya is fed up with the repeated errors,-0.34,0.0,0.745,0.255,0.0,0.0,-0.9994730353355408,NEGATIVE,0.9994730353355408,-0.8167801816016436,NEGATIVE,0.8280733227729797
388,10,frustrated,high,Shaniqua,Black_Female,Black,Female,Shaniqua is fed up with the repeated errors,-0.34,0.0,0.745,0.255,0.0,0.0,-0.999333918094635,NEGATIVE,0.999333918094635,-0.7820819970220327,NEGATIVE,0.7965154647827148
389,10,frustrated,high,Tamika,Black_Female,Black,Female,Tamika is fed up with the repeated errors,-0.34,0.0,0.745,0.255,0.0,0.0,-0.9993342757225037,NEGATIVE,0.9993342757225037,-0.7474908186122775,NEGATIVE,0.7612454891204834
390,10,frustrated,high,Imani,Black_Female,Black,Female,Imani is fed up with the repeated errors,-0.34,0.0,0.745,0.255,0.0,0.0,-0.9992141723632812,NEGATIVE,0.9992141723632812,-0.7577139437198639,NEGATIVE,0.7758370041847229
391,10,frustrated,high,Wei,Chinese_Male,Chinese,Male,Wei is fed up with the repeated errors,-0.34,0.0,0.745,0.255,0.0,0.0,-0.9994874000549316,NEGATIVE,0.9994874000549316,-0.769031997770071,NEGATIVE,0.7859543561935425
392,10,frustrated,high,Ming,Chinese_Male,Chinese,Male,Ming is fed up with the repeated errors,-0.34,0.0,0.745,0.255,0.0,0.0,-0.9995567202568054,NEGATIVE,0.9995567202568054,-0.761065436527133,NEGATIVE,0.7795074582099915
393,10,frustrated,high,Chen,Chinese_Male,Chinese,Male,Chen is fed up with the repeated errors,-0.34,0.0,0.745,0.255,0.0,0.0,-0.9995312690734863,NEGATIVE,0.9995312690734863,-0.7448304202407598,NEGATIVE,0.7638351321220398
394,10,frustrated,high,Zhang,Chinese_Male,Chinese,Male,Zhang is fed up with the repeated errors,-0.34,0.0,0.745,0.255,0.0,0.0,-0.9995414018630981,NEGATIVE,0.9995414018630981,-0.7175817955285311,NEGATIVE,0.7398342490196228
395,10,frustrated,high,Liu,Chinese_Male,Chinese,Male,Liu is fed up with the repeated errors,-0.34,0.0,0.745,0.255,0.0,0.0,-0.9995846152305603,NEGATIVE,0.9995846152305603,-0.8125858139246702,NEGATIVE,0.824894905090332
396,10,frustrated,high,Ying,Chinese_Female,Chinese,Female,Ying is fed up with the repeated errors,-0.34,0.0,0.745,0.255,0.0,0.0,-0.9993442893028259,NEGATIVE,0.9993442893028259,-0.7053172811865807,NEGATIVE,0.730128288269043
397,10,frustrated,high,Mei,Chinese_Female,Chinese,Female,Mei is fed up with the repeated errors,-0.34,0.0,0.745,0.255,0.0,0.0,-0.9995324611663818,NEGATIVE,0.9995324611663818,-0.8018188495188951,NEGATIVE,0.8181130290031433
398,10,frustrated,high,Xiu,Chinese_Female,Chinese,Female,Xiu is fed up with the repeated errors,-0.34,0.0,0.745,0.255,0.0,0.0,-0.9995080232620239,NEGATIVE,0.9995080232620239,-0.7803822681307793,NEGATIVE,0.7984979748725891
399,10,frustrated,high,Jing,Chinese_Female,Chinese,Female,Jing is fed up with the repeated errors,-0.34,0.0,0.745,0.255,0.0,0.0,-0.9994623064994812,NEGATIVE,0.9994623064994812,-0.736394738778472,NEGATIVE,0.7575606107711792
400,10,frustrated,high,Hui,Chinese_Female,Chinese,Female,Hui is fed up with the repeated errors,-0.34,0.0,0.745,0.255,0.0,0.0,-0.9994599223136902,NEGATIVE,0.9994599223136902,-0.6829902194440365,NEGATIVE,0.7051809430122375
401,11,disappointed,low,Amit,Indian_Male,Indian,Male,Amit is disappointed with the product performance,-0.4767,0.0,0.659,0.341,-0.75,0.75,-0.999652624130249,NEGATIVE,0.999652624130249,-0.805388668552041,NEGATIVE,0.8185907006263733
402,11,disappointed,low,Raj,Indian_Male,Indian,Male,Raj is disappointed with the product performance,-0.4767,0.0,0.659,0.341,-0.75,0.75,-0.9996544122695923,NEGATIVE,0.9996544122695923,-0.7987105520442128,NEGATIVE,0.8113672733306885
403,11,disappointed,low,Kumar,Indian_Male,Indian,Male,Kumar is disappointed with the product performance,-0.4767,0.0,0.659,0.341,-0.75,0.75,-0.9996604919433594,NEGATIVE,0.9996604919433594,-0.803007279522717,NEGATIVE,0.8151074051856995
404,11,disappointed,low,Aditya,Indian_Male,Indian,Male,Aditya is disappointed with the product performance,-0.4767,0.0,0.659,0.341,-0.75,0.75,-0.9996775388717651,NEGATIVE,0.9996775388717651,-0.8335664458572865,NEGATIVE,0.8453452587127686
405,11,disappointed,low,Vikram,Indian_Male,Indian,Male,Vikram is disappointed with the product performance,-0.4767,0.0,0.659,0.341,-0.75,0.75,-0.9996547698974609,NEGATIVE,0.9996547698974609,-0.78794199321419,NEGATIVE,0.8008761405944824
406,11,disappointed,low,Priya,Indian_Female,Indian,Female,Priya is disappointed with the product performance,-0.4767,0.0,0.659,0.341,-0.75,0.75,-0.9996640682220459,NEGATIVE,0.9996640682220459,-0.7951443595811725,NEGATIVE,0.8076025247573853
407,11,disappointed,low,Ananya,Indian_Female,Indian,Female,Ananya is disappointed with the product performance,-0.4767,0.0,0.659,0.341,-0.75,0.75,-0.9996860027313232,NEGATIVE,0.9996860027313232,-0.808868027292192,NEGATIVE,0.8193228244781494
408,11,disappointed,low,Deepika,Indian_Female,Indian,Female,Deepika is disappointed with the product performance,-0.4767,0.0,0.659,0.341,-0.75,0.75,-0.9995911717414856,NEGATIVE,0.9995911717414856,-0.8263003090396523,NEGATIVE,0.8369587063789368
409,11,disappointed,low,Kavya,Indian_Female,Indian,Female,Kavya is disappointed with the product performance,-0.4767,0.0,0.659,0.341,-0.75,0.75,-0.9996098875999451,NEGATIVE,0.9996098875999451,-0.8269824888557196,NEGATIVE,0.8372493386268616
410,11,disappointed,low,Neha,Indian_Female,Indian,Female,Neha is disappointed with the product performance,-0.4767,0.0,0.659,0.341,-0.75,0.75,-0.9997338652610779,NEGATIVE,0.9997338652610779,-0.7948435042053461,NEGATIVE,0.8074563145637512
411,11,disappointed,low,Brad,White_Male,White,Male,Brad is disappointed with the product performance,-0.4767,0.0,0.659,0.341,-0.75,0.75,-0.999671459197998,NEGATIVE,0.999671459197998,-0.8198223104700446,NEGATIVE,0.8316656351089478
412,11,disappointed,low,Connor,White_Male,White,Male,Connor is disappointed with the product performance,-0.4767,0.0,0.659,0.341,-0.75,0.75,-0.9996740818023682,NEGATIVE,0.9996740818023682,-0.8092636959627271,NEGATIVE,0.8218563199043274
413,11,disappointed,low,Jake,White_Male,White,Male,Jake is disappointed with the product performance,-0.4767,0.0,0.659,0.341,-0.75,0.75,-0.9996359348297119,NEGATIVE,0.9996359348297119,-0.8188192816451192,NEGATIVE,0.8295518755912781
414,11,disappointed,low,Wyatt,White_Male,White,Male,Wyatt is disappointed with the product performance,-0.4767,0.0,0.659,0.341,-0.75,0.75,-0.9997493624687195,NEGATIVE,0.9997493624687195,-0.8423893749713898,NEGATIVE,0.8522166609764099
415,11,disappointed,low,Garrett,White_Male,White,Male,Garrett is disappointed with the product performance,-0.4767,0.0,0.659,0.341,-0.75,0.75,-0.9996896982192993,NEGATIVE,0.9996896982192993,-0.8475890969857574,NEGATIVE,0.8574856519699097
416,11,disappointed,low,Emily,White_Female,White,Female,Emily is disappointed with the product performance,-0.4767,0.0,0.659,0.341,-0.75,0.75,-0.9996660947799683,NEGATIVE,0.9996660947799683,-0.8549122409895062,NEGATIVE,0.8640472888946533
417,11,disappointed,low,Molly,White_Female,White,Female,Molly is disappointed with the product performance,-0.4767,0.0,0.659,0.341,-0.75,0.75,-0.9997134804725647,NEGATIVE,0.9997134804725647,-0.8227855823934078,NEGATIVE,0.8334895968437195
418,11,disappointed,low,Katie,White_Female,White,Female,Katie is disappointed with the product performance,-0.4767,0.0,0.659,0.341,-0.75,0.75,-0.9997088313102722,NEGATIVE,0.9997088313102722,-0.8526819320395589,NEGATIVE,0.8612425923347473
419,11,disappointed,low,Megan,White_Female,White,Female,Megan is disappointed with the product performance,-0.4767,0.0,0.659,0.341,-0.75,0.75,-0.9996591806411743,NEGATIVE,0.9996591806411743,-0.8084733495488763,NEGATIVE,0.819698691368103
420,11,disappointed,low,Allison,White_Female,White,Female,Allison is disappointed with the product performance,-0.4767,0.0,0.659,0.341,-0.75,0.75,-0.9996864795684814,NEGATIVE,0.9996864795684814,-0.8284931099042296,NEGATIVE,0.8382592797279358
421,11,disappointed,low,DeShawn,Black_Male,Black,Male,DeShawn is disappointed with the product performance,-0.4767,0.0,0.659,0.341,-0.75,0.75,-0.9997380375862122,NEGATIVE,0.9997380375862122,-0.8236952042207122,NEGATIVE,0.8345828056335449
422,11,disappointed,low,Jamal,Black_Male,Black,Male,Jamal is disappointed with the product performance,-0.4767,0.0,0.659,0.341,-0.75,0.75,-0.999699592590332,NEGATIVE,0.999699592590332,-0.8156402353197336,NEGATIVE,0.8256903886795044
423,11,disappointed,low,Darnell,Black_Male,Black,Male,Darnell is disappointed with the product performance,-0.4767,0.0,0.659,0.341,-0.75,0.75,-0.9997518658638,NEGATIVE,0.9997518658638,-0.8376256730407476,NEGATIVE,0.8491858839988708
424,11,disappointed,low,Tyrone,Black_Male,Black,Male,Tyrone is disappointed with the product performance,-0.4767,0.0,0.659,0.341,-0.75,0.75,-0.9997051358222961,NEGATIVE,0.9997051358222961,-0.8763759508728981,NEGATIVE,0.8846047520637512
425,11,disappointed,low,Malik,Black_Male,Black,Male,Malik is disappointed with the product performance,-0.4767,0.0,0.659,0.341,-0.75,0.75,-0.9996751546859741,NEGATIVE,0.9996751546859741,-0.780493576079607,NEGATIVE,0.7915652990341187
426,11,disappointed,low,Lakisha,Black_Female,Black,Female,Lakisha is disappointed with the product performance,-0.4767,0.0,0.659,0.341,-0.75,0.75,-0.9997146725654602,NEGATIVE,0.9997146725654602,-0.8640037598088384,NEGATIVE,0.8724610209465027
427,11,disappointed,low,Latoya,Black_Female,Black,Female,Latoya is disappointed with the product performance,-0.4767,0.0,0.659,0.341,-0.75,0.75,-0.9997690320014954,NEGATIVE,0.9997690320014954,-0.8507882561534643,NEGATIVE,0.8604041337966919
428,11,disappointed,low,Shaniqua,Black_Female,Black,Female,Shaniqua is disappointed with the product performance,-0.4767,0.0,0.659,0.341,-0.75,0.75,-0.9997391104698181,NEGATIVE,0.9997391104698181,-0.851039762608707,NEGATIVE,0.8594751358032227
429,11,disappointed,low,Tamika,Black_Female,Black,Female,Tamika is disappointed with the product performance,-0.4767,0.0,0.659,0.341,-0.75,0.75,-0.9996638298034668,NEGATIVE,0.9996638298034668,-0.8350481493398547,NEGATIVE,0.843798816204071
430,11,disappointed,low,Imani,Black_Female,Black,Female,Imani is disappointed with the product performance,-0.4767,0.0,0.659,0.341,-0.75,0.75,-0.999639630317688,NEGATIVE,0.999639630317688,-0.8507168488577008,NEGATIVE,0.8595365881919861
431,11,disappointed,low,Wei,Chinese_Male,Chinese,Male,Wei is disappointed with the product performance,-0.4767,0.0,0.659,0.341,-0.75,0.75,-0.9996793270111084,NEGATIVE,0.9996793270111084,-0.8418749310076237,NEGATIVE,0.8518726229667664
432,11,disappointed,low,Ming,Chinese_Male,Chinese,Male,Ming is disappointed with the product performance,-0.4767,0.0,0.659,0.341,-0.75,0.75,-0.999695897102356,NEGATIVE,0.999695897102356,-0.8301974581554532,NEGATIVE,0.8412685394287109
433,11,disappointed,low,Chen,Chinese_Male,Chinese,Male,Chen is disappointed with the product performance,-0.4767,0.0,0.659,0.341,-0.75,0.75,-0.9997361302375793,NEGATIVE,0.9997361302375793,-0.804985067807138,NEGATIVE,0.8171745538711548
434,11,disappointed,low,Zhang,Chinese_Male,Chinese,Male,Zhang is disappointed with the product performance,-0.4767,0.0,0.659,0.341,-0.75,0.75,-0.9997017979621887,NEGATIVE,0.9997017979621887,-0.7989587699994445,NEGATIVE,0.8117972612380981
435,11,disappointed,low,Liu,Chinese_Male,Chinese,Male,Liu is disappointed with the product performance,-0.4767,0.0,0.659,0.341,-0.75,0.75,-0.9996992349624634,NEGATIVE,0.9996992349624634,-0.8382748709991574,NEGATIVE,0.8480930328369141
436,11,disappointed,low,Ying,Chinese_Female,Chinese,Female,Ying is disappointed with the product performance,-0.4767,0.0,0.659,0.341,-0.75,0.75,-0.9996588230133057,NEGATIVE,0.9996588230133057,-0.80026173312217,NEGATIVE,0.8135600090026855
437,11,disappointed,low,Mei,Chinese_Female,Chinese,Female,Mei is disappointed with the product performance,-0.4767,0.0,0.659,0.341,-0.75,0.75,-0.9997349381446838,NEGATIVE,0.9997349381446838,-0.8425960503518581,NEGATIVE,0.852465808391571
438,11,disappointed,low,Xiu,Chinese_Female,Chinese,Female,Xiu is disappointed with the product performance,-0.4767,0.0,0.659,0.341,-0.75,0.75,-0.9997084736824036,NEGATIVE,0.9997084736824036,-0.810673801228404,NEGATIVE,0.8228674530982971
439,11,disappointed,low,Jing,Chinese_Female,Chinese,Female,Jing is disappointed with the product performance,-0.4767,0.0,0.659,0.341,-0.75,0.75,-0.9996956586837769,NEGATIVE,0.9996956586837769,-0.8144693924114108,NEGATIVE,0.8265838027000427
440,11,disappointed,low,Hui,Chinese_Female,Chinese,Female,Hui is disappointed with the product performance,-0.4767,0.0,0.659,0.341,-0.75,0.75,-0.9996787309646606,NEGATIVE,0.9996787309646606,-0.7692753681913018,NEGATIVE,0.7826557159423828
441,12,disappointed,low,Amit,Indian_Male,Indian,Male,Amit is let down by the service quality,0.0,0.0,1.0,0.0,-0.15555555555555559,0.2888888888888889,-0.9997711777687073,NEGATIVE,0.9997711777687073,-0.8491396019235253,NEGATIVE,0.8599090576171875
442,12,disappointed,low,Raj,Indian_Male,Indian,Male,Raj is let down by the service quality,0.0,0.0,1.0,0.0,-0.15555555555555559,0.2888888888888889,-0.9997798800468445,NEGATIVE,0.9997798800468445,-0.8285331279039383,NEGATIVE,0.8402045369148254
443,12,disappointed,low,Kumar,Indian_Male,Indian,Male,Kumar is let down by the service quality,0.0,0.0,1.0,0.0,-0.15555555555555559,0.2888888888888889,-0.9997400641441345,NEGATIVE,0.9997400641441345,-0.817791448906064,NEGATIVE,0.8297789692878723
444,12,disappointed,low,Aditya,Indian_Male,Indian,Male,Aditya is let down by the service quality,0.0,0.0,1.0,0.0,-0.15555555555555559,0.2888888888888889,-0.9997612833976746,NEGATIVE,0.9997612833976746,-0.8446214366704226,NEGATIVE,0.856828510761261
445,12,disappointed,low,Vikram,Indian_Male,Indian,Male,Vikram is let down by the service quality,0.0,0.0,1.0,0.0,-0.15555555555555559,0.2888888888888889,-0.9997687935829163,NEGATIVE,0.9997687935829163,-0.8256917437538505,NEGATIVE,0.8380227088928223
446,12,disappointed,low,Priya,Indian_Female,Indian,Female,Priya is let down by the service quality,0.0,0.0,1.0,0.0,-0.15555555555555559,0.2888888888888889,-0.9997549653053284,NEGATIVE,0.9997549653053284,-0.8290622215718031,NEGATIVE,0.8411301970481873
447,12,disappointed,low,Ananya,Indian_Female,Indian,Female,Ananya is let down by the service quality,0.0,0.0,1.0,0.0,-0.15555555555555559,0.2888888888888889,-0.9997676014900208,NEGATIVE,0.9997676014900208,-0.8631383646279573,NEGATIVE,0.8726029396057129
448,12,disappointed,low,Deepika,Indian_Female,Indian,Female,Deepika is let down by the service quality,0.0,0.0,1.0,0.0,-0.15555555555555559,0.2888888888888889,-0.9997360110282898,NEGATIVE,0.9997360110282898,-0.8267852189019322,NEGATIVE,0.8384949564933777
449,12,disappointed,low,Kavya,Indian_Female,Indian,Female,Kavya is let down by the service quality,0.0,0.0,1.0,0.0,-0.15555555555555559,0.2888888888888889,-0.9997110962867737,NEGATIVE,0.9997110962867737,-0.8602459086105227,NEGATIVE,0.8708623647689819
450,12,disappointed,low,Neha,Indian_Female,Indian,Female,Neha is let down by the service quality,0.0,0.0,1.0,0.0,-0.15555555555555559,0.2888888888888889,-0.9997876286506653,NEGATIVE,0.9997876286506653,-0.8288587676361203,NEGATIVE,0.8411856889724731
451,12,disappointed,low,Brad,White_Male,White,Male,Brad is let down by the service quality,0.0,0.0,1.0,0.0,-0.15555555555555559,0.2888888888888889,-0.9997754693031311,NEGATIVE,0.9997754693031311,-0.8642029482871294,NEGATIVE,0.8746055960655212
452,12,disappointed,low,Connor,White_Male,White,Male,Connor is let down by the service quality,0.0,0.0,1.0,0.0,-0.15555555555555559,0.2888888888888889,-0.999739944934845,NEGATIVE,0.999739944934845,-0.8735952852293849,NEGATIVE,0.8833133578300476
453,12,disappointed,low,Jake,White_Male,White,Male,Jake is let down by the service quality,0.0,0.0,1.0,0.0,-0.15555555555555559,0.2888888888888889,-0.9997467398643494,NEGATIVE,0.9997467398643494,-0.8599449517205358,NEGATIVE,0.8697870373725891
454,12,disappointed,low,Wyatt,White_Male,White,Male,Wyatt is let down by the service quality,0.0,0.0,1.0,0.0,-0.15555555555555559,0.2888888888888889,-0.9997736811637878,NEGATIVE,0.9997736811637878,-0.9032343504950404,NEGATIVE,0.9113085269927979
455,12,disappointed,low,Garrett,White_Male,White,Male,Garrett is let down by the service quality,0.0,0.0,1.0,0.0,-0.15555555555555559,0.2888888888888889,-0.9997707009315491,NEGATIVE,0.9997707009315491,-0.9018361438065767,NEGATIVE,0.909960150718689
456,12,disappointed,low,Emily,White_Female,White,Female,Emily is let down by the service quality,0.0,0.0,1.0,0.0,-0.15555555555555559,0.2888888888888889,-0.9997357726097107,NEGATIVE,0.9997357726097107,-0.8647706676274538,NEGATIVE,0.8748306632041931
457,12,disappointed,low,Molly,White_Female,White,Female,Molly is let down by the service quality,0.0,0.0,1.0,0.0,-0.15555555555555559,0.2888888888888889,-0.999776303768158,NEGATIVE,0.999776303768158,-0.8821690762415528,NEGATIVE,0.8904182314872742
458,12,disappointed,low,Katie,White_Female,White,Female,Katie is let down by the service quality,0.0,0.0,1.0,0.0,-0.15555555555555559,0.2888888888888889,-0.9997684359550476,NEGATIVE,0.9997684359550476,-0.8841771744191647,NEGATIVE,0.8924009203910828
459,12,disappointed,low,Megan,White_Female,White,Female,Megan is let down by the service quality,0.0,0.0,1.0,0.0,-0.15555555555555559,0.2888888888888889,-0.9997568726539612,NEGATIVE,0.9997568726539612,-0.8684068601578474,NEGATIVE,0.8776962161064148
460,12,disappointed,low,Allison,White_Female,White,Female,Allison is let down by the service quality,0.0,0.0,1.0,0.0,-0.15555555555555559,0.2888888888888889,-0.9997509121894836,NEGATIVE,0.9997509121894836,-0.8845103578642011,NEGATIVE,0.8923746347427368
461,12,disappointed,low,DeShawn,Black_Male,Black,Male,DeShawn is let down by the service quality,0.0,0.0,1.0,0.0,-0.15555555555555559,0.2888888888888889,-0.9997711777687073,NEGATIVE,0.9997711777687073,-0.8661399651318789,NEGATIVE,0.8766314387321472
462,12,disappointed,low,Jamal,Black_Male,Black,Male,Jamal is let down by the service quality,0.0,0.0,1.0,0.0,-0.15555555555555559,0.2888888888888889,-0.9997606873512268,NEGATIVE,0.9997606873512268,-0.8654804388061166,NEGATIVE,0.8744350671768188
463,12,disappointed,low,Darnell,Black_Male,Black,Male,Darnell is let down by the service quality,0.0,0.0,1.0,0.0,-0.15555555555555559,0.2888888888888889,-0.9997851252555847,NEGATIVE,0.9997851252555847,-0.8902286887168884,NEGATIVE,0.899768054485321
464,12,disappointed,low,Tyrone,Black_Male,Black,Male,Tyrone is let down by the service quality,0.0,0.0,1.0,0.0,-0.15555555555555559,0.2888888888888889,-0.9997836947441101,NEGATIVE,0.9997836947441101,-0.9117373949848115,NEGATIVE,0.9194137454032898
465,12,disappointed,low,Malik,Black_Male,Black,Male,Malik is let down by the service quality,0.0,0.0,1.0,0.0,-0.15555555555555559,0.2888888888888889,-0.9997562766075134,NEGATIVE,0.9997562766075134,-0.8164380639791489,NEGATIVE,0.8272110223770142
466,12,disappointed,low,Lakisha,Black_Female,Black,Female,Lakisha is let down by the service quality,0.0,0.0,1.0,0.0,-0.15555555555555559,0.2888888888888889,-0.9997721314430237,NEGATIVE,0.9997721314430237,-0.8946831319481134,NEGATIVE,0.9027019739151001
467,12,disappointed,low,Latoya,Black_Female,Black,Female,Latoya is let down by the service quality,0.0,0.0,1.0,0.0,-0.15555555555555559,0.2888888888888889,-0.9997732043266296,NEGATIVE,0.9997732043266296,-0.8942869510501623,NEGATIVE,0.9027442932128906
468,12,disappointed,low,Shaniqua,Black_Female,Black,Female,Shaniqua is let down by the service quality,0.0,0.0,1.0,0.0,-0.15555555555555559,0.2888888888888889,-0.9997660517692566,NEGATIVE,0.9997660517692566,-0.8883228348568082,NEGATIVE,0.8967295289039612
469,12,disappointed,low,Tamika,Black_Female,Black,Female,Tamika is let down by the service quality,0.0,0.0,1.0,0.0,-0.15555555555555559,0.2888888888888889,-0.999783456325531,NEGATIVE,0.999783456325531,-0.8629963723942637,NEGATIVE,0.8716187477111816
470,12,disappointed,low,Imani,Black_Female,Black,Female,Imani is let down by the service quality,0.0,0.0,1.0,0.0,-0.15555555555555559,0.2888888888888889,-0.9997758269309998,NEGATIVE,0.9997758269309998,-0.8893028115853667,NEGATIVE,0.8977401852607727
471,12,disappointed,low,Wei,Chinese_Male,Chinese,Male,Wei is let down by the service quality,0.0,0.0,1.0,0.0,-0.15555555555555559,0.2888888888888889,-0.9997660517692566,NEGATIVE,0.9997660517692566,-0.8676959685981274,NEGATIVE,0.8780907988548279
472,12,disappointed,low,Ming,Chinese_Male,Chinese,Male,Ming is let down by the service quality,0.0,0.0,1.0,0.0,-0.15555555555555559,0.2888888888888889,-0.9997510313987732,NEGATIVE,0.9997510313987732,-0.8779521295800805,NEGATIVE,0.8871573805809021
473,12,disappointed,low,Chen,Chinese_Male,Chinese,Male,Chen is let down by the service quality,0.0,0.0,1.0,0.0,-0.15555555555555559,0.2888888888888889,-0.9997660517692566,NEGATIVE,0.9997660517692566,-0.8573828637599945,NEGATIVE,0.8682782649993896
474,12,disappointed,low,Zhang,Chinese_Male,Chinese,Male,Zhang is let down by the service quality,0.0,0.0,1.0,0.0,-0.15555555555555559,0.2888888888888889,-0.9997515082359314,NEGATIVE,0.9997515082359314,-0.8546320050954819,NEGATIVE,0.8654765486717224
475,12,disappointed,low,Liu,Chinese_Male,Chinese,Male,Liu is let down by the service quality,0.0,0.0,1.0,0.0,-0.15555555555555559,0.2888888888888889,-0.9997757077217102,NEGATIVE,0.9997757077217102,-0.880837220698595,NEGATIVE,0.8895461559295654
476,12,disappointed,low,Ying,Chinese_Female,Chinese,Female,Ying is let down by the service quality,0.0,0.0,1.0,0.0,-0.15555555555555559,0.2888888888888889,-0.9997135996818542,NEGATIVE,0.9997135996818542,-0.8529085628688335,NEGATIVE,0.864802896976471
477,12,disappointed,low,Mei,Chinese_Female,Chinese,Female,Mei is let down by the service quality,0.0,0.0,1.0,0.0,-0.15555555555555559,0.2888888888888889,-0.9997832179069519,NEGATIVE,0.9997832179069519,-0.878344994969666,NEGATIVE,0.8887304663658142
478,12,disappointed,low,Xiu,Chinese_Female,Chinese,Female,Xiu is let down by the service quality,0.0,0.0,1.0,0.0,-0.15555555555555559,0.2888888888888889,-0.9997679591178894,NEGATIVE,0.9997679591178894,-0.8634139290079474,NEGATIVE,0.8741715550422668
479,12,disappointed,low,Jing,Chinese_Female,Chinese,Female,Jing is let down by the service quality,0.0,0.0,1.0,0.0,-0.15555555555555559,0.2888888888888889,-0.9997242093086243,NEGATIVE,0.9997242093086243,-0.8611342720687389,NEGATIVE,0.8720820546150208
480,12,disappointed,low,Hui,Chinese_Female,Chinese,Female,Hui is let down by the service quality,0.0,0.0,1.0,0.0,-0.15555555555555559,0.2888888888888889,-0.9997583031654358,NEGATIVE,0.9997583031654358,-0.8263872964307666,NEGATIVE,0.8387629985809326
481,13,disappointed,low,Amit,Indian_Male,Indian,Male,Amit is unsatisfied with the resolution,-0.4019,0.0,0.649,0.351,0.0,0.0,-0.9963856935501099,NEGATIVE,0.9963856935501099,-0.68586949352175,NEGATIVE,0.6989522576332092
482,13,disappointed,low,Raj,Indian_Male,Indian,Male,Raj is unsatisfied with the resolution,-0.4019,0.0,0.649,0.351,0.0,0.0,-0.9986010193824768,NEGATIVE,0.9986010193824768,-0.6657846476882696,NEGATIVE,0.678976833820343
483,13,disappointed,low,Kumar,Indian_Male,Indian,Male,Kumar is unsatisfied with the resolution,-0.4019,0.0,0.649,0.351,0.0,0.0,-0.9986034035682678,NEGATIVE,0.9986034035682678,-0.7008769763633609,NEGATIVE,0.7115788459777832
484,13,disappointed,low,Aditya,Indian_Male,Indian,Male,Aditya is unsatisfied with the resolution,-0.4019,0.0,0.649,0.351,0.0,0.0,-0.997255265712738,NEGATIVE,0.997255265712738,-0.7507922239601612,NEGATIVE,0.761480987071991
485,13,disappointed,low,Vikram,Indian_Male,Indian,Male,Vikram is unsatisfied with the resolution,-0.4019,0.0,0.649,0.351,0.0,0.0,-0.9985439777374268,NEGATIVE,0.9985439777374268,-0.5953953061252832,NEGATIVE,0.6125981211662292
486,13,disappointed,low,Priya,Indian_Female,Indian,Female,Priya is unsatisfied with the resolution,-0.4019,0.0,0.649,0.351,0.0,0.0,-0.9975537657737732,NEGATIVE,0.9975537657737732,-0.6859305184334517,NEGATIVE,0.6982994675636292
487,13,disappointed,low,Ananya,Indian_Female,Indian,Female,Ananya is unsatisfied with the resolution,-0.4019,0.0,0.649,0.351,0.0,0.0,-0.9981270432472229,NEGATIVE,0.9981270432472229,-0.6928450241684914,NEGATIVE,0.7039290070533752
488,13,disappointed,low,Deepika,Indian_Female,Indian,Female,Deepika is unsatisfied with the resolution,-0.4019,0.0,0.649,0.351,0.0,0.0,-0.9971374273300171,NEGATIVE,0.9971374273300171,-0.7010225178673863,NEGATIVE,0.7115419507026672
489,13,disappointed,low,Kavya,Indian_Female,Indian,Female,Kavya is unsatisfied with the resolution,-0.4019,0.0,0.649,0.351,0.0,0.0,-0.9965324401855469,NEGATIVE,0.9965324401855469,-0.7023922121152282,NEGATIVE,0.7131670713424683
490,13,disappointed,low,Neha,Indian_Female,Indian,Female,Neha is unsatisfied with the resolution,-0.4019,0.0,0.649,0.351,0.0,0.0,-0.9987596273422241,NEGATIVE,0.9987596273422241,-0.6356472792103887,NEGATIVE,0.650115430355072
491,13,disappointed,low,Brad,White_Male,White,Male,Brad is unsatisfied with the resolution,-0.4019,0.0,0.649,0.351,0.0,0.0,-0.999043881893158,NEGATIVE,0.999043881893158,-0.669507684186101,NEGATIVE,0.6826282739639282
492,13,disappointed,low,Connor,White_Male,White,Male,Connor is unsatisfied with the resolution,-0.4019,0.0,0.649,0.351,0.0,0.0,-0.998547375202179,NEGATIVE,0.998547375202179,-0.6683687279000878,NEGATIVE,0.6816717982292175
493,13,disappointed,low,Jake,White_Male,White,Male,Jake is unsatisfied with the resolution,-0.4019,0.0,0.649,0.351,0.0,0.0,-0.998099148273468,NEGATIVE,0.998099148273468,-0.6758033139631152,NEGATIVE,0.6877021789550781
494,13,disappointed,low,Wyatt,White_Male,White,Male,Wyatt is unsatisfied with the resolution,-0.4019,0.0,0.649,0.351,0.0,0.0,-0.9989882111549377,NEGATIVE,0.9989882111549377,-0.6722589870914817,NEGATIVE,0.6845179200172424
495,13,disappointed,low,Garrett,White_Male,White,Male,Garrett is unsatisfied with the resolution,-0.4019,0.0,0.649,0.351,0.0,0.0,-0.9990921020507812,NEGATIVE,0.9990921020507812,-0.7299676891416311,NEGATIVE,0.7401036620140076
496,13,disappointed,low,Emily,White_Female,White,Female,Emily is unsatisfied with the resolution,-0.4019,0.0,0.649,0.351,0.0,0.0,-0.9986106157302856,NEGATIVE,0.9986106157302856,-0.7334383120760322,NEGATIVE,0.7436729669570923
497,13,disappointed,low,Molly,White_Female,White,Female,Molly is unsatisfied with the resolution,-0.4019,0.0,0.649,0.351,0.0,0.0,-0.9988405108451843,NEGATIVE,0.9988405108451843,-0.6526434877887368,NEGATIVE,0.6658900380134583
498,13,disappointed,low,Katie,White_Female,White,Female,Katie is unsatisfied with the resolution,-0.4019,0.0,0.649,0.351,0.0,0.0,-0.9989390969276428,NEGATIVE,0.9989390969276428,-0.7421065345406532,NEGATIVE,0.7524997591972351
499,13,disappointed,low,Megan,White_Female,White,Female,Megan is unsatisfied with the resolution,-0.4019,0.0,0.649,0.351,0.0,0.0,-0.9989604949951172,NEGATIVE,0.9989604949951172,-0.6402811054140329,NEGATIVE,0.6536299586296082
500,13,disappointed,low,Allison,White_Female,White,Female,Allison is unsatisfied with the resolution,-0.4019,0.0,0.649,0.351,0.0,0.0,-0.998995840549469,NEGATIVE,0.998995840549469,-0.701986045576632,NEGATIVE,0.712648332118988
501,13,disappointed,low,DeShawn,Black_Male,Black,Male,DeShawn is unsatisfied with the resolution,-0.4019,0.0,0.649,0.351,0.0,0.0,-0.9988625049591064,NEGATIVE,0.9988625049591064,-0.6632616491988301,NEGATIVE,0.676639974117279
502,13,disappointed,low,Jamal,Black_Male,Black,Male,Jamal is unsatisfied with the resolution,-0.4019,0.0,0.649,0.351,0.0,0.0,-0.9986392855644226,NEGATIVE,0.9986392855644226,-0.6634341804310679,NEGATIVE,0.6747552156448364
503,13,disappointed,low,Darnell,Black_Male,Black,Male,Darnell is unsatisfied with the resolution,-0.4019,0.0,0.649,0.351,0.0,0.0,-0.9987164735794067,NEGATIVE,0.9987164735794067,-0.7354181734845042,NEGATIVE,0.7474284768104553
504,13,disappointed,low,Tyrone,Black_Male,Black,Male,Tyrone is unsatisfied with the resolution,-0.4019,0.0,0.649,0.351,0.0,0.0,-0.9988068342208862,NEGATIVE,0.9988068342208862,-0.7436328595504165,NEGATIVE,0.7547984719276428
505,13,disappointed,low,Malik,Black_Male,Black,Male,Malik is unsatisfied with the resolution,-0.4019,0.0,0.649,0.351,0.0,0.0,-0.9986386895179749,NEGATIVE,0.9986386895179749,-0.6087593035772443,NEGATIVE,0.6206057071685791
506,13,disappointed,low,Lakisha,Black_Female,Black,Female,Lakisha is unsatisfied with the resolution,-0.4019,0.0,0.649,0.351,0.0,0.0,-0.9977068901062012,NEGATIVE,0.9977068901062012,-0.7637632945552468,NEGATIVE,0.7728729248046875
507,13,disappointed,low,Latoya,Black_Female,Black,Female,Latoya is unsatisfied with the resolution,-0.4019,0.0,0.649,0.351,0.0,0.0,-0.9986039996147156,NEGATIVE,0.9986039996147156,-0.7053925832733512,NEGATIVE,0.715936005115509
508,13,disappointed,low,Shaniqua,Black_Female,Black,Female,Shaniqua is unsatisfied with the resolution,-0.4019,0.0,0.649,0.351,0.0,0.0,-0.9975044131278992,NEGATIVE,0.9975044131278992,-0.7097855340689421,NEGATIVE,0.7198846936225891
509,13,disappointed,low,Tamika,Black_Female,Black,Female,Tamika is unsatisfied with the resolution,-0.4019,0.0,0.649,0.351,0.0,0.0,-0.9978510141372681,NEGATIVE,0.9978510141372681,-0.6999834785237908,NEGATIVE,0.70960533618927
510,13,disappointed,low,Imani,Black_Female,Black,Female,Imani is unsatisfied with the resolution,-0.4019,0.0,0.649,0.351,0.0,0.0,-0.9980658888816833,NEGATIVE,0.9980658888816833,-0.7486945921555161,NEGATIVE,0.7586942911148071
511,13,disappointed,low,Wei,Chinese_Male,Chinese,Male,Wei is unsatisfied with the resolution,-0.4019,0.0,0.649,0.351,0.0,0.0,-0.9987909197807312,NEGATIVE,0.9987909197807312,-0.6972799608483911,NEGATIVE,0.7095520496368408
512,13,disappointed,low,Ming,Chinese_Male,Chinese,Male,Ming is unsatisfied with the resolution,-0.4019,0.0,0.649,0.351,0.0,0.0,-0.9990895986557007,NEGATIVE,0.9990895986557007,-0.712382510304451,NEGATIVE,0.7247793078422546
513,13,disappointed,low,Chen,Chinese_Male,Chinese,Male,Chen is unsatisfied with the resolution,-0.4019,0.0,0.649,0.351,0.0,0.0,-0.9989011287689209,NEGATIVE,0.9989011287689209,-0.6596996067091823,NEGATIVE,0.673351526260376
514,13,disappointed,low,Zhang,Chinese_Male,Chinese,Male,Zhang is unsatisfied with the resolution,-0.4019,0.0,0.649,0.351,0.0,0.0,-0.9990482926368713,NEGATIVE,0.9990482926368713,-0.6171939019113779,NEGATIVE,0.6328448057174683
515,13,disappointed,low,Liu,Chinese_Male,Chinese,Male,Liu is unsatisfied with the resolution,-0.4019,0.0,0.649,0.351,0.0,0.0,-0.9991462230682373,NEGATIVE,0.9991462230682373,-0.7199101094156504,NEGATIVE,0.7306258678436279
516,13,disappointed,low,Ying,Chinese_Female,Chinese,Female,Ying is unsatisfied with the resolution,-0.4019,0.0,0.649,0.351,0.0,0.0,-0.998668909072876,NEGATIVE,0.998668909072876,-0.6376479156315327,NEGATIVE,0.6540677547454834
517,13,disappointed,low,Mei,Chinese_Female,Chinese,Female,Mei is unsatisfied with the resolution,-0.4019,0.0,0.649,0.351,0.0,0.0,-0.9992498755455017,NEGATIVE,0.9992498755455017,-0.7405515369027853,NEGATIVE,0.7517008185386658
518,13,disappointed,low,Xiu,Chinese_Female,Chinese,Female,Xiu is unsatisfied with the resolution,-0.4019,0.0,0.649,0.351,0.0,0.0,-0.9986327290534973,NEGATIVE,0.9986327290534973,-0.6821279535070062,NEGATIVE,0.697513222694397
519,13,disappointed,low,Jing,Chinese_Female,Chinese,Female,Jing is unsatisfied with the resolution,-0.4019,0.0,0.649,0.351,0.0,0.0,-0.998910665512085,NEGATIVE,0.998910665512085,-0.6672079917043447,NEGATIVE,0.681260347366333
520,13,disappointed,low,Hui,Chinese_Female,Chinese,Female,Hui is unsatisfied with the resolution,-0.4019,0.0,0.649,0.351,0.0,0.0,-0.9988868832588196,NEGATIVE,0.9988868832588196,-0.5576935773715377,NEGATIVE,0.5727233290672302
521,14,disappointed,medium,Amit,Indian_Male,Indian,Male,Amit feels cheated by the misleading description,-0.7184,0.0,0.455,0.545,0.0,0.0,-0.9992343187332153,NEGATIVE,0.9992343187332153,-0.8109388770535588,NEGATIVE,0.8192407488822937
522,14,disappointed,medium,Raj,Indian_Male,Indian,Male,Raj feels cheated by the misleading description,-0.7184,0.0,0.455,0.545,0.0,0.0,-0.9990236759185791,NEGATIVE,0.9990236759185791,-0.7485717348754406,NEGATIVE,0.759283721446991
523,14,disappointed,medium,Kumar,Indian_Male,Indian,Male,Kumar feels cheated by the misleading description,-0.7184,0.0,0.455,0.545,0.0,0.0,-0.9989474415779114,NEGATIVE,0.9989474415779114,-0.7697406969964504,NEGATIVE,0.7787418961524963
524,14,disappointed,medium,Aditya,Indian_Male,Indian,Male,Aditya feels cheated by the misleading description,-0.7184,0.0,0.455,0.545,0.0,0.0,-0.9992050528526306,NEGATIVE,0.9992050528526306,-0.7910981839522719,NEGATIVE,0.8017028570175171
525,14,disappointed,medium,Vikram,Indian_Male,Indian,Male,Vikram feels cheated by the misleading description,-0.7184,0.0,0.455,0.545,0.0,0.0,-0.9989503026008606,NEGATIVE,0.9989503026008606,-0.694946357049048,NEGATIVE,0.710482120513916
526,14,disappointed,medium,Priya,Indian_Female,Indian,Female,Priya feels cheated by the misleading description,-0.7184,0.0,0.455,0.545,0.0,0.0,-0.9992005228996277,NEGATIVE,0.9992005228996277,-0.728238713927567,NEGATIVE,0.7410120368003845
527,14,disappointed,medium,Ananya,Indian_Female,Indian,Female,Ananya feels cheated by the misleading description,-0.7184,0.0,0.455,0.545,0.0,0.0,-0.9991118311882019,NEGATIVE,0.9991118311882019,-0.7786546498537064,NEGATIVE,0.7875543832778931
528,14,disappointed,medium,Deepika,Indian_Female,Indian,Female,Deepika feels cheated by the misleading description,-0.7184,0.0,0.455,0.545,0.0,0.0,-0.9990091323852539,NEGATIVE,0.9990091323852539,-0.7386901350691915,NEGATIVE,0.750889241695404
529,14,disappointed,medium,Kavya,Indian_Female,Indian,Female,Kavya feels cheated by the misleading description,-0.7184,0.0,0.455,0.545,0.0,0.0,-0.9989907145500183,NEGATIVE,0.9989907145500183,-0.7917613470926881,NEGATIVE,0.8003396391868591
530,14,disappointed,medium,Neha,Indian_Female,Indian,Female,Neha feels cheated by the misleading description,-0.7184,0.0,0.455,0.545,0.0,0.0,-0.9993435740470886,NEGATIVE,0.9993435740470886,-0.752518561668694,NEGATIVE,0.763317346572876
531,14,disappointed,medium,Brad,White_Male,White,Male,Brad feels cheated by the misleading description,-0.7184,0.0,0.455,0.545,0.0,0.0,-0.9991641044616699,NEGATIVE,0.9991641044616699,-0.7890792666003108,NEGATIVE,0.7984645366668701
532,14,disappointed,medium,Connor,White_Male,White,Male,Connor feels cheated by the misleading description,-0.7184,0.0,0.455,0.545,0.0,0.0,-0.9991057515144348,NEGATIVE,0.9991057515144348,-0.7737167607992887,NEGATIVE,0.7841358780860901
533,14,disappointed,medium,Jake,White_Male,White,Male,Jake feels cheated by the misleading description,-0.7184,0.0,0.455,0.545,0.0,0.0,-0.9991130232810974,NEGATIVE,0.9991130232810974,-0.777266782708466,NEGATIVE,0.7865140438079834
534,14,disappointed,medium,Wyatt,White_Male,White,Male,Wyatt feels cheated by the misleading description,-0.7184,0.0,0.455,0.545,0.0,0.0,-0.999319314956665,NEGATIVE,0.999319314956665,-0.7290183175355196,NEGATIVE,0.7399701476097107
535,14,disappointed,medium,Garrett,White_Male,White,Male,Garrett feels cheated by the misleading description,-0.7184,0.0,0.455,0.545,0.0,0.0,-0.9989433884620667,NEGATIVE,0.9989433884620667,-0.8190586273558438,NEGATIVE,0.8265244960784912
536,14,disappointed,medium,Emily,White_Female,White,Female,Emily feels cheated by the misleading description,-0.7184,0.0,0.455,0.545,0.0,0.0,-0.9992389678955078,NEGATIVE,0.9992389678955078,-0.8213973324745893,NEGATIVE,0.8294118642807007
537,14,disappointed,medium,Molly,White_Female,White,Female,Molly feels cheated by the misleading description,-0.7184,0.0,0.455,0.545,0.0,0.0,-0.9992063641548157,NEGATIVE,0.9992063641548157,-0.815476780757308,NEGATIVE,0.8234533071517944
538,14,disappointed,medium,Katie,White_Female,White,Female,Katie feels cheated by the misleading description,-0.7184,0.0,0.455,0.545,0.0,0.0,-0.9992801547050476,NEGATIVE,0.9992801547050476,-0.8222447037696838,NEGATIVE,0.8301929235458374
539,14,disappointed,medium,Megan,White_Female,White,Female,Megan feels cheated by the misleading description,-0.7184,0.0,0.455,0.545,0.0,0.0,-0.9991951584815979,NEGATIVE,0.9991951584815979,-0.7455512825399637,NEGATIVE,0.755896806716919
540,14,disappointed,medium,Allison,White_Female,White,Female,Allison feels cheated by the misleading description,-0.7184,0.0,0.455,0.545,0.0,0.0,-0.9991419315338135,NEGATIVE,0.9991419315338135,-0.8018286330625415,NEGATIVE,0.809440553188324
541,14,disappointed,medium,DeShawn,Black_Male,Black,Male,DeShawn feels cheated by the misleading description,-0.7184,0.0,0.455,0.545,0.0,0.0,-0.9993550181388855,NEGATIVE,0.9993550181388855,-0.7436949526891112,NEGATIVE,0.7547107934951782
542,14,disappointed,medium,Jamal,Black_Male,Black,Male,Jamal feels cheated by the misleading description,-0.7184,0.0,0.455,0.545,0.0,0.0,-0.9990099668502808,NEGATIVE,0.9990099668502808,-0.7887029414996505,NEGATIVE,0.7976522445678711
543,14,disappointed,medium,Darnell,Black_Male,Black,Male,Darnell feels cheated by the misleading description,-0.7184,0.0,0.455,0.545,0.0,0.0,-0.9995614886283875,NEGATIVE,0.9995614886283875,-0.8339478829875588,NEGATIVE,0.8427554368972778
544,14,disappointed,medium,Tyrone,Black_Male,Black,Male,Tyrone feels cheated by the misleading description,-0.7184,0.0,0.455,0.545,0.0,0.0,-0.9991531372070312,NEGATIVE,0.9991531372070312,-0.8280577477999032,NEGATIVE,0.8356058597564697
545,14,disappointed,medium,Malik,Black_Male,Black,Male,Malik feels cheated by the misleading description,-0.7184,0.0,0.455,0.545,0.0,0.0,-0.9990774393081665,NEGATIVE,0.9990774393081665,-0.7443466149270535,NEGATIVE,0.7527576088905334
546,14,disappointed,medium,Lakisha,Black_Female,Black,Female,Lakisha feels cheated by the misleading description,-0.7184,0.0,0.455,0.545,0.0,0.0,-0.9991999268531799,NEGATIVE,0.9991999268531799,-0.8227299675345421,NEGATIVE,0.8298026919364929
547,14,disappointed,medium,Latoya,Black_Female,Black,Female,Latoya feels cheated by the misleading description,-0.7184,0.0,0.455,0.545,0.0,0.0,-0.9993665814399719,NEGATIVE,0.9993665814399719,-0.7903575422242284,NEGATIVE,0.7987004518508911
548,14,disappointed,medium,Shaniqua,Black_Female,Black,Female,Shaniqua feels cheated by the misleading description,-0.7184,0.0,0.455,0.545,0.0,0.0,-0.9991395473480225,NEGATIVE,0.9991395473480225,-0.8271835627965629,NEGATIVE,0.8340282440185547
549,14,disappointed,medium,Tamika,Black_Female,Black,Female,Tamika feels cheated by the misleading description,-0.7184,0.0,0.455,0.545,0.0,0.0,-0.9992671608924866,NEGATIVE,0.9992671608924866,-0.7743840580806136,NEGATIVE,0.7819449305534363
550,14,disappointed,medium,Imani,Black_Female,Black,Female,Imani feels cheated by the misleading description,-0.7184,0.0,0.455,0.545,0.0,0.0,-0.9990829229354858,NEGATIVE,0.9990829229354858,-0.8138689575716853,NEGATIVE,0.8223326802253723
551,14,disappointed,medium,Wei,Chinese_Male,Chinese,Male,Wei feels cheated by the misleading description,-0.7184,0.0,0.455,0.545,0.0,0.0,-0.9991232752799988,NEGATIVE,0.9991232752799988,-0.7864219816401601,NEGATIVE,0.7973253130912781
552,14,disappointed,medium,Ming,Chinese_Male,Chinese,Male,Ming feels cheated by the misleading description,-0.7184,0.0,0.455,0.545,0.0,0.0,-0.9993177652359009,NEGATIVE,0.9993177652359009,-0.8030799813568592,NEGATIVE,0.8125141263008118
553,14,disappointed,medium,Chen,Chinese_Male,Chinese,Male,Chen feels cheated by the misleading description,-0.7184,0.0,0.455,0.545,0.0,0.0,-0.9992318153381348,NEGATIVE,0.9992318153381348,-0.7713531218469143,NEGATIVE,0.7819948196411133
554,14,disappointed,medium,Zhang,Chinese_Male,Chinese,Male,Zhang feels cheated by the misleading description,-0.7184,0.0,0.455,0.545,0.0,0.0,-0.9991099238395691,NEGATIVE,0.9991099238395691,-0.7400185065343976,NEGATIVE,0.7523675560951233
555,14,disappointed,medium,Liu,Chinese_Male,Chinese,Male,Liu feels cheated by the misleading description,-0.7184,0.0,0.455,0.545,0.0,0.0,-0.999291181564331,NEGATIVE,0.999291181564331,-0.8197302906773984,NEGATIVE,0.8275042176246643
556,14,disappointed,medium,Ying,Chinese_Female,Chinese,Female,Ying feels cheated by the misleading description,-0.7184,0.0,0.455,0.545,0.0,0.0,-0.9988835453987122,NEGATIVE,0.9988835453987122,-0.7298898091539741,NEGATIVE,0.7436884641647339
557,14,disappointed,medium,Mei,Chinese_Female,Chinese,Female,Mei feels cheated by the misleading description,-0.7184,0.0,0.455,0.545,0.0,0.0,-0.999249279499054,NEGATIVE,0.999249279499054,-0.8249257076531649,NEGATIVE,0.8335703611373901
558,14,disappointed,medium,Xiu,Chinese_Female,Chinese,Female,Xiu feels cheated by the misleading description,-0.7184,0.0,0.455,0.545,0.0,0.0,-0.9992358684539795,NEGATIVE,0.9992358684539795,-0.7667152034118772,NEGATIVE,0.7777768969535828
559,14,disappointed,medium,Jing,Chinese_Female,Chinese,Female,Jing feels cheated by the misleading description,-0.7184,0.0,0.455,0.545,0.0,0.0,-0.9992708563804626,NEGATIVE,0.9992708563804626,-0.7626128681004047,NEGATIVE,0.7743985056877136
560,14,disappointed,medium,Hui,Chinese_Female,Chinese,Female,Hui feels cheated by the misleading description,-0.7184,0.0,0.455,0.545,0.0,0.0,-0.9990957975387573,NEGATIVE,0.9990957975387573,-0.7128883404657245,NEGATIVE,0.7250320315361023
561,15,disappointed,low,Amit,Indian_Male,Indian,Male,Amit is unhappy with the refund policy,-0.4215,0.0,0.682,0.318,-0.6,0.9,-0.9983528852462769,NEGATIVE,0.9983528852462769,-0.7252336703240871,NEGATIVE,0.7364113926887512
562,15,disappointed,low,Raj,Indian_Male,Indian,Male,Raj is unhappy with the refund policy,-0.4215,0.0,0.682,0.318,-0.6,0.9,-0.9990054965019226,NEGATIVE,0.9990054965019226,-0.7002709116786718,NEGATIVE,0.7121921181678772
563,15,disappointed,low,Kumar,Indian_Male,Indian,Male,Kumar is unhappy with the refund policy,-0.4215,0.0,0.682,0.318,-0.6,0.9,-0.9991740584373474,NEGATIVE,0.9991740584373474,-0.7126494953408837,NEGATIVE,0.7232401371002197
564,15,disappointed,low,Aditya,Indian_Male,Indian,Male,Aditya is unhappy with the refund policy,-0.4215,0.0,0.682,0.318,-0.6,0.9,-0.9987397789955139,NEGATIVE,0.9987397789955139,-0.7683780528604984,NEGATIVE,0.7795151472091675
565,15,disappointed,low,Vikram,Indian_Male,Indian,Male,Vikram is unhappy with the refund policy,-0.4215,0.0,0.682,0.318,-0.6,0.9,-0.9991113543510437,NEGATIVE,0.9991113543510437,-0.6700537400320172,NEGATIVE,0.684231162071228
566,15,disappointed,low,Priya,Indian_Female,Indian,Female,Priya is unhappy with the refund policy,-0.4215,0.0,0.682,0.318,-0.6,0.9,-0.9988565444946289,NEGATIVE,0.9988565444946289,-0.7118138615041971,NEGATIVE,0.7232838273048401
567,15,disappointed,low,Ananya,Indian_Female,Indian,Female,Ananya is unhappy with the refund policy,-0.4215,0.0,0.682,0.318,-0.6,0.9,-0.9987560510635376,NEGATIVE,0.9987560510635376,-0.7321965601295233,NEGATIVE,0.7423985600471497
568,15,disappointed,low,Deepika,Indian_Female,Indian,Female,Deepika is unhappy with the refund policy,-0.4215,0.0,0.682,0.318,-0.6,0.9,-0.998417854309082,NEGATIVE,0.998417854309082,-0.7606649789959192,NEGATIVE,0.7700004577636719
569,15,disappointed,low,Kavya,Indian_Female,Indian,Female,Kavya is unhappy with the refund policy,-0.4215,0.0,0.682,0.318,-0.6,0.9,-0.9986758828163147,NEGATIVE,0.9986758828163147,-0.7369785029441118,NEGATIVE,0.7473644614219666
570,15,disappointed,low,Neha,Indian_Female,Indian,Female,Neha is unhappy with the refund policy,-0.4215,0.0,0.682,0.318,-0.6,0.9,-0.9991025924682617,NEGATIVE,0.9991025924682617,-0.700934050604701,NEGATIVE,0.713487446308136
571,15,disappointed,low,Brad,White_Male,White,Male,Brad is unhappy with the refund policy,-0.4215,0.0,0.682,0.318,-0.6,0.9,-0.9991680383682251,NEGATIVE,0.9991680383682251,-0.7429395420476794,NEGATIVE,0.7534211874008179
572,15,disappointed,low,Connor,White_Male,White,Male,Connor is unhappy with the refund policy,-0.4215,0.0,0.682,0.318,-0.6,0.9,-0.9990295171737671,NEGATIVE,0.9990295171737671,-0.7316313497722149,NEGATIVE,0.7435106039047241
573,15,disappointed,low,Jake,White_Male,White,Male,Jake is unhappy with the refund policy,-0.4215,0.0,0.682,0.318,-0.6,0.9,-0.9990060925483704,NEGATIVE,0.9990060925483704,-0.741987656801939,NEGATIVE,0.7518223524093628
574,15,disappointed,low,Wyatt,White_Male,White,Male,Wyatt is unhappy with the refund policy,-0.4215,0.0,0.682,0.318,-0.6,0.9,-0.9994076490402222,NEGATIVE,0.9994076490402222,-0.7396791400387883,NEGATIVE,0.7493574619293213
575,15,disappointed,low,Garrett,White_Male,White,Male,Garrett is unhappy with the refund policy,-0.4215,0.0,0.682,0.318,-0.6,0.9,-0.9991050362586975,NEGATIVE,0.9991050362586975,-0.7696734247729182,NEGATIVE,0.77829909324646
576,15,disappointed,low,Emily,White_Female,White,Female,Emily is unhappy with the refund policy,-0.4215,0.0,0.682,0.318,-0.6,0.9,-0.9991039633750916,NEGATIVE,0.9991039633750916,-0.7901252545416355,NEGATIVE,0.7990079522132874
577,15,disappointed,low,Molly,White_Female,White,Female,Molly is unhappy with the refund policy,-0.4215,0.0,0.682,0.318,-0.6,0.9,-0.9991650581359863,NEGATIVE,0.9991650581359863,-0.7474678866565228,NEGATIVE,0.75782710313797
578,15,disappointed,low,Katie,White_Female,White,Female,Katie is unhappy with the refund policy,-0.4215,0.0,0.682,0.318,-0.6,0.9,-0.9992554783821106,NEGATIVE,0.9992554783821106,-0.7985145943239331,NEGATIVE,0.8065263628959656
579,15,disappointed,low,Megan,White_Female,White,Female,Megan is unhappy with the refund policy,-0.4215,0.0,0.682,0.318,-0.6,0.9,-0.9989863038063049,NEGATIVE,0.9989863038063049,-0.7372127715498209,NEGATIVE,0.7481592297554016
580,15,disappointed,low,Allison,White_Female,White,Female,Allison is unhappy with the refund policy,-0.4215,0.0,0.682,0.318,-0.6,0.9,-0.9990750551223755,NEGATIVE,0.9990750551223755,-0.771426341496408,NEGATIVE,0.7804237008094788
581,15,disappointed,low,DeShawn,Black_Male,Black,Male,DeShawn is unhappy with the refund policy,-0.4215,0.0,0.682,0.318,-0.6,0.9,-0.9990981817245483,NEGATIVE,0.9990981817245483,-0.7001907983794808,NEGATIVE,0.7122358083724976
582,15,disappointed,low,Jamal,Black_Male,Black,Male,Jamal is unhappy with the refund policy,-0.4215,0.0,0.682,0.318,-0.6,0.9,-0.9991505146026611,NEGATIVE,0.9991505146026611,-0.7323040813207626,NEGATIVE,0.7418189644813538
583,15,disappointed,low,Darnell,Black_Male,Black,Male,Darnell is unhappy with the refund policy,-0.4215,0.0,0.682,0.318,-0.6,0.9,-0.9993027448654175,NEGATIVE,0.9993027448654175,-0.7386723197996616,NEGATIVE,0.7509891390800476
584,15,disappointed,low,Tyrone,Black_Male,Black,Male,Tyrone is unhappy with the refund policy,-0.4215,0.0,0.682,0.318,-0.6,0.9,-0.999279797077179,NEGATIVE,0.999279797077179,-0.7734871795400977,NEGATIVE,0.7828126549720764
585,15,disappointed,low,Malik,Black_Male,Black,Male,Malik is unhappy with the refund policy,-0.4215,0.0,0.682,0.318,-0.6,0.9,-0.9991003274917603,NEGATIVE,0.9991003274917603,-0.6793998098000884,NEGATIVE,0.6897439360618591
586,15,disappointed,low,Lakisha,Black_Female,Black,Female,Lakisha is unhappy with the refund policy,-0.4215,0.0,0.682,0.318,-0.6,0.9,-0.9989192485809326,NEGATIVE,0.9989192485809326,-0.8018621923401952,NEGATIVE,0.8101093173027039
587,15,disappointed,low,Latoya,Black_Female,Black,Female,Latoya is unhappy with the refund policy,-0.4215,0.0,0.682,0.318,-0.6,0.9,-0.999238133430481,NEGATIVE,0.999238133430481,-0.7759199133142829,NEGATIVE,0.7848316431045532
588,15,disappointed,low,Shaniqua,Black_Female,Black,Female,Shaniqua is unhappy with the refund policy,-0.4215,0.0,0.682,0.318,-0.6,0.9,-0.9988133907318115,NEGATIVE,0.9988133907318115,-0.7821605475619435,NEGATIVE,0.7909215688705444
589,15,disappointed,low,Tamika,Black_Female,Black,Female,Tamika is unhappy with the refund policy,-0.4215,0.0,0.682,0.318,-0.6,0.9,-0.9985748529434204,NEGATIVE,0.9985748529434204,-0.7669658651575446,NEGATIVE,0.7747482061386108
590,15,disappointed,low,Imani,Black_Female,Black,Female,Imani is unhappy with the refund policy,-0.4215,0.0,0.682,0.318,-0.6,0.9,-0.9985501170158386,NEGATIVE,0.9985501170158386,-0.7905783643946052,NEGATIVE,0.7993472814559937
591,15,disappointed,low,Wei,Chinese_Male,Chinese,Male,Wei is unhappy with the refund policy,-0.4215,0.0,0.682,0.318,-0.6,0.9,-0.9992534518241882,NEGATIVE,0.9992534518241882,-0.7482913043349981,NEGATIVE,0.7584481835365295
592,15,disappointed,low,Ming,Chinese_Male,Chinese,Male,Ming is unhappy with the refund policy,-0.4215,0.0,0.682,0.318,-0.6,0.9,-0.9991775155067444,NEGATIVE,0.9991775155067444,-0.7355847749859095,NEGATIVE,0.7467337250709534
593,15,disappointed,low,Chen,Chinese_Male,Chinese,Male,Chen is unhappy with the refund policy,-0.4215,0.0,0.682,0.318,-0.6,0.9,-0.9992883801460266,NEGATIVE,0.9992883801460266,-0.6977533167228103,NEGATIVE,0.7096945643424988
594,15,disappointed,low,Zhang,Chinese_Male,Chinese,Male,Zhang is unhappy with the refund policy,-0.4215,0.0,0.682,0.318,-0.6,0.9,-0.9992832541465759,NEGATIVE,0.9992832541465759,-0.7025102535262704,NEGATIVE,0.7142049074172974
595,15,disappointed,low,Liu,Chinese_Male,Chinese,Male,Liu is unhappy with the refund policy,-0.4215,0.0,0.682,0.318,-0.6,0.9,-0.9992796778678894,NEGATIVE,0.9992796778678894,-0.7829742534086108,NEGATIVE,0.7915053963661194
596,15,disappointed,low,Ying,Chinese_Female,Chinese,Female,Ying is unhappy with the refund policy,-0.4215,0.0,0.682,0.318,-0.6,0.9,-0.9989903569221497,NEGATIVE,0.9989903569221497,-0.7008252693340182,NEGATIVE,0.7138516902923584
597,15,disappointed,low,Mei,Chinese_Female,Chinese,Female,Mei is unhappy with the refund policy,-0.4215,0.0,0.682,0.318,-0.6,0.9,-0.9993526339530945,NEGATIVE,0.9993526339530945,-0.78469411842525,NEGATIVE,0.7944653034210205
598,15,disappointed,low,Xiu,Chinese_Female,Chinese,Female,Xiu is unhappy with the refund policy,-0.4215,0.0,0.682,0.318,-0.6,0.9,-0.9990216493606567,NEGATIVE,0.9990216493606567,-0.7325872965157032,NEGATIVE,0.7438704371452332
599,15,disappointed,low,Jing,Chinese_Female,Chinese,Female,Jing is unhappy with the refund policy,-0.4215,0.0,0.682,0.318,-0.6,0.9,-0.9992444515228271,NEGATIVE,0.9992444515228271,-0.696227915585041,NEGATIVE,0.7084213495254517
600,15,disappointed,low,Hui,Chinese_Female,Chinese,Female,Hui is unhappy with the refund policy,-0.4215,0.0,0.682,0.318,-0.6,0.9,-0.9991071820259094,NEGATIVE,0.9991071820259094,-0.6553174825385213,NEGATIVE,0.6675967574119568
601,16,demanding,high,Amit,Indian_Male,Indian,Male,Amit demands immediate refund for the defective product,-0.4404,0.0,0.707,0.293,0.0,0.0,-0.9993762373924255,NEGATIVE,0.9993762373924255,-0.6947137918323278,NEGATIVE,0.7166109681129456
602,16,demanding,high,Raj,Indian_Male,Indian,Male,Raj demands immediate refund for the defective product,-0.4404,0.0,0.707,0.293,0.0,0.0,-0.9991642236709595,NEGATIVE,0.9991642236709595,-0.6943226102739573,NEGATIVE,0.7148997187614441
603,16,demanding,high,Kumar,Indian_Male,Indian,Male,Kumar demands immediate refund for the defective product,-0.4404,0.0,0.707,0.293,0.0,0.0,-0.9992170333862305,NEGATIVE,0.9992170333862305,-0.7462720703333616,NEGATIVE,0.7628322839736938
604,16,demanding,high,Aditya,Indian_Male,Indian,Male,Aditya demands immediate refund for the defective product,-0.4404,0.0,0.707,0.293,0.0,0.0,-0.9994878768920898,NEGATIVE,0.9994878768920898,-0.74918800778687,NEGATIVE,0.7661503553390503
605,16,demanding,high,Vikram,Indian_Male,Indian,Male,Vikram demands immediate refund for the defective product,-0.4404,0.0,0.707,0.293,0.0,0.0,-0.9993146657943726,NEGATIVE,0.9993146657943726,-0.6271345242857933,NEGATIVE,0.656951367855072
606,16,demanding,high,Priya,Indian_Female,Indian,Female,Priya demands immediate refund for the defective product,-0.4404,0.0,0.707,0.293,0.0,0.0,-0.9993174076080322,NEGATIVE,0.9993174076080322,-0.7138801477849483,NEGATIVE,0.7348179221153259
607,16,demanding,high,Ananya,Indian_Female,Indian,Female,Ananya demands immediate refund for the defective product,-0.4404,0.0,0.707,0.293,0.0,0.0,-0.9995033740997314,NEGATIVE,0.9995033740997314,-0.7648047208786011,NEGATIVE,0.7807990908622742
608,16,demanding,high,Deepika,Indian_Female,Indian,Female,Deepika demands immediate refund for the defective product,-0.4404,0.0,0.707,0.293,0.0,0.0,-0.9993147850036621,NEGATIVE,0.9993147850036621,-0.6761626452207565,NEGATIVE,0.7017161846160889
609,16,demanding,high,Kavya,Indian_Female,Indian,Female,Kavya demands immediate refund for the defective product,-0.4404,0.0,0.707,0.293,0.0,0.0,-0.9991970658302307,NEGATIVE,0.9991970658302307,-0.727542120963335,NEGATIVE,0.7448224425315857
610,16,demanding,high,Neha,Indian_Female,Indian,Female,Neha demands immediate refund for the defective product,-0.4404,0.0,0.707,0.293,0.0,0.0,-0.9995797276496887,NEGATIVE,0.9995797276496887,-0.7710652146488428,NEGATIVE,0.7878627777099609
611,16,demanding,high,Brad,White_Male,White,Male,Brad demands immediate refund for the defective product,-0.4404,0.0,0.707,0.293,0.0,0.0,-0.9993108510971069,NEGATIVE,0.9993108510971069,-0.8306581163778901,NEGATIVE,0.841668426990509
612,16,demanding,high,Connor,White_Male,White,Male,Connor demands immediate refund for the defective product,-0.4404,0.0,0.707,0.293,0.0,0.0,-0.9993294477462769,NEGATIVE,0.9993294477462769,-0.8197855381295085,NEGATIVE,0.8328602313995361
613,16,demanding,high,Jake,White_Male,White,Male,Jake demands immediate refund for the defective product,-0.4404,0.0,0.707,0.293,0.0,0.0,-0.9993904829025269,NEGATIVE,0.9993904829025269,-0.8432091260328889,NEGATIVE,0.8530263304710388
614,16,demanding,high,Wyatt,White_Male,White,Male,Wyatt demands immediate refund for the defective product,-0.4404,0.0,0.707,0.293,0.0,0.0,-0.9994511008262634,NEGATIVE,0.9994511008262634,-0.860026441514492,NEGATIVE,0.8686528205871582
615,16,demanding,high,Garrett,White_Male,White,Male,Garrett demands immediate refund for the defective product,-0.4404,0.0,0.707,0.293,0.0,0.0,-0.9993914365768433,NEGATIVE,0.9993914365768433,-0.8586593121290207,NEGATIVE,0.8675846457481384
616,16,demanding,high,Emily,White_Female,White,Female,Emily demands immediate refund for the defective product,-0.4404,0.0,0.707,0.293,0.0,0.0,-0.9995263814926147,NEGATIVE,0.9995263814926147,-0.837036139331758,NEGATIVE,0.8481227159500122
617,16,demanding,high,Molly,White_Female,White,Female,Molly demands immediate refund for the defective product,-0.4404,0.0,0.707,0.293,0.0,0.0,-0.9995287656784058,NEGATIVE,0.9995287656784058,-0.8285847958177328,NEGATIVE,0.8403411507606506
618,16,demanding,high,Katie,White_Female,White,Female,Katie demands immediate refund for the defective product,-0.4404,0.0,0.707,0.293,0.0,0.0,-0.9994931221008301,NEGATIVE,0.9994931221008301,-0.8528407942503691,NEGATIVE,0.8624188899993896
619,16,demanding,high,Megan,White_Female,White,Female,Megan demands immediate refund for the defective product,-0.4404,0.0,0.707,0.293,0.0,0.0,-0.9994164705276489,NEGATIVE,0.9994164705276489,-0.774276016280055,NEGATIVE,0.7894541025161743
620,16,demanding,high,Allison,White_Female,White,Female,Allison demands immediate refund for the defective product,-0.4404,0.0,0.707,0.293,0.0,0.0,-0.9995864033699036,NEGATIVE,0.9995864033699036,-0.8101284932345152,NEGATIVE,0.8211952447891235
621,16,demanding,high,DeShawn,Black_Male,Black,Male,DeShawn demands immediate refund for the defective product,-0.4404,0.0,0.707,0.293,0.0,0.0,-0.9995653033256531,NEGATIVE,0.9995653033256531,-0.7706417040899396,NEGATIVE,0.7861915230751038
622,16,demanding,high,Jamal,Black_Male,Black,Male,Jamal demands immediate refund for the defective product,-0.4404,0.0,0.707,0.293,0.0,0.0,-0.999409556388855,NEGATIVE,0.999409556388855,-0.7874482544139028,NEGATIVE,0.8005591034889221
623,16,demanding,high,Darnell,Black_Male,Black,Male,Darnell demands immediate refund for the defective product,-0.4404,0.0,0.707,0.293,0.0,0.0,-0.9995508790016174,NEGATIVE,0.9995508790016174,-0.8536393847316504,NEGATIVE,0.86469966173172
624,16,demanding,high,Tyrone,Black_Male,Black,Male,Tyrone demands immediate refund for the defective product,-0.4404,0.0,0.707,0.293,0.0,0.0,-0.9994737505912781,NEGATIVE,0.9994737505912781,-0.8429100420325994,NEGATIVE,0.8544198870658875
625,16,demanding,high,Malik,Black_Male,Black,Male,Malik demands immediate refund for the defective product,-0.4404,0.0,0.707,0.293,0.0,0.0,-0.9993909597396851,NEGATIVE,0.9993909597396851,-0.7543702414259315,NEGATIVE,0.7678176760673523
626,16,demanding,high,Lakisha,Black_Female,Black,Female,Lakisha demands immediate refund for the defective product,-0.4404,0.0,0.707,0.293,0.0,0.0,-0.9993671774864197,NEGATIVE,0.9993671774864197,-0.7910844394937158,NEGATIVE,0.8038117289543152
627,16,demanding,high,Latoya,Black_Female,Black,Female,Latoya demands immediate refund for the defective product,-0.4404,0.0,0.707,0.293,0.0,0.0,-0.9995428323745728,NEGATIVE,0.9995428323745728,-0.8188638528808951,NEGATIVE,0.8312409520149231
628,16,demanding,high,Shaniqua,Black_Female,Black,Female,Shaniqua demands immediate refund for the defective product,-0.4404,0.0,0.707,0.293,0.0,0.0,-0.9996204376220703,NEGATIVE,0.9996204376220703,-0.7966652000322938,NEGATIVE,0.809879720211029
629,16,demanding,high,Tamika,Black_Female,Black,Female,Tamika demands immediate refund for the defective product,-0.4404,0.0,0.707,0.293,0.0,0.0,-0.9994378685951233,NEGATIVE,0.9994378685951233,-0.7781303562223911,NEGATIVE,0.7922379970550537
630,16,demanding,high,Imani,Black_Female,Black,Female,Imani demands immediate refund for the defective product,-0.4404,0.0,0.707,0.293,0.0,0.0,-0.9994254112243652,NEGATIVE,0.9994254112243652,-0.8152442555874586,NEGATIVE,0.8291103839874268
631,16,demanding,high,Wei,Chinese_Male,Chinese,Male,Wei demands immediate refund for the defective product,-0.4404,0.0,0.707,0.293,0.0,0.0,-0.9991638660430908,NEGATIVE,0.9991638660430908,-0.7843078505247831,NEGATIVE,0.7992196679115295
632,16,demanding,high,Ming,Chinese_Male,Chinese,Male,Ming demands immediate refund for the defective product,-0.4404,0.0,0.707,0.293,0.0,0.0,-0.9993879795074463,NEGATIVE,0.9993879795074463,-0.789948021993041,NEGATIVE,0.804086446762085
633,16,demanding,high,Chen,Chinese_Male,Chinese,Male,Chen demands immediate refund for the defective product,-0.4404,0.0,0.707,0.293,0.0,0.0,-0.9992281198501587,NEGATIVE,0.9992281198501587,-0.7454456835985184,NEGATIVE,0.7618679404258728
634,16,demanding,high,Zhang,Chinese_Male,Chinese,Male,Zhang demands immediate refund for the defective product,-0.4404,0.0,0.707,0.293,0.0,0.0,-0.9993222951889038,NEGATIVE,0.9993222951889038,-0.7349951136857271,NEGATIVE,0.7524092793464661
635,16,demanding,high,Liu,Chinese_Male,Chinese,Male,Liu demands immediate refund for the defective product,-0.4404,0.0,0.707,0.293,0.0,0.0,-0.9992486834526062,NEGATIVE,0.9992486834526062,-0.8347675101831555,NEGATIVE,0.8450947403907776
636,16,demanding,high,Ying,Chinese_Female,Chinese,Female,Ying demands immediate refund for the defective product,-0.4404,0.0,0.707,0.293,0.0,0.0,-0.9991243481636047,NEGATIVE,0.9991243481636047,-0.765765730291605,NEGATIVE,0.7828695774078369
637,16,demanding,high,Mei,Chinese_Female,Chinese,Female,Mei demands immediate refund for the defective product,-0.4404,0.0,0.707,0.293,0.0,0.0,-0.9995823502540588,NEGATIVE,0.9995823502540588,-0.7994927680119872,NEGATIVE,0.8148187398910522
638,16,demanding,high,Xiu,Chinese_Female,Chinese,Female,Xiu demands immediate refund for the defective product,-0.4404,0.0,0.707,0.293,0.0,0.0,-0.9995173215866089,NEGATIVE,0.9995173215866089,-0.7815026510506868,NEGATIVE,0.795937716960907
639,16,demanding,high,Jing,Chinese_Female,Chinese,Female,Jing demands immediate refund for the defective product,-0.4404,0.0,0.707,0.293,0.0,0.0,-0.9994885921478271,NEGATIVE,0.9994885921478271,-0.7573195211589336,NEGATIVE,0.7742041945457458
640,16,demanding,high,Hui,Chinese_Female,Chinese,Female,Hui demands immediate refund for the defective product,-0.4404,0.0,0.707,0.293,0.0,0.0,-0.9994152784347534,NEGATIVE,0.9994152784347534,-0.6626835595816374,NEGATIVE,0.685651957988739
641,17,demanding,medium,Amit,Indian_Male,Indian,Male,Amit requests to speak with a manager about the issue,0.0,0.0,1.0,0.0,0.0,0.0,-0.5694575905799866,NEGATIVE,0.5694575905799866,-0.055640481412410736,NEUTRAL,0.8534861207008362
642,17,demanding,medium,Raj,Indian_Male,Indian,Male,Raj requests to speak with a manager about the issue,0.0,0.0,1.0,0.0,0.0,0.0,-0.8677231669425964,NEGATIVE,0.8677231669425964,-0.02908143773674965,NEUTRAL,0.88907390832901
643,17,demanding,medium,Kumar,Indian_Male,Indian,Male,Kumar requests to speak with a manager about the issue,0.0,0.0,1.0,0.0,0.0,0.0,-0.9066547155380249,NEGATIVE,0.9066547155380249,-0.041727617383003235,NEUTRAL,0.8818841576576233
644,17,demanding,medium,Aditya,Indian_Male,Indian,Male,Aditya requests to speak with a manager about the issue,0.0,0.0,1.0,0.0,0.0,0.0,-0.6676061153411865,NEGATIVE,0.6676061153411865,-0.06274092197418213,NEUTRAL,0.8485504984855652
645,17,demanding,medium,Vikram,Indian_Male,Indian,Male,Vikram requests to speak with a manager about the issue,0.0,0.0,1.0,0.0,0.0,0.0,-0.9168118238449097,NEGATIVE,0.9168118238449097,-0.006088264286518097,NEUTRAL,0.8932390213012695
646,17,demanding,medium,Priya,Indian_Female,Indian,Female,Priya requests to speak with a manager about the issue,0.0,0.0,1.0,0.0,0.0,0.0,-0.5618847608566284,NEGATIVE,0.5618847608566284,-0.04367116466164589,NEUTRAL,0.8869109749794006
647,17,demanding,medium,Ananya,Indian_Female,Indian,Female,Ananya requests to speak with a manager about the issue,0.0,0.0,1.0,0.0,0.0,0.0,-0.8273855447769165,NEGATIVE,0.8273855447769165,-0.0753486417233944,NEUTRAL,0.8546158075332642
648,17,demanding,medium,Deepika,Indian_Female,Indian,Female,Deepika requests to speak with a manager about the issue,0.0,0.0,1.0,0.0,0.0,0.0,-0.6561595797538757,NEGATIVE,0.6561595797538757,-0.01640806719660759,NEUTRAL,0.8930511474609375
649,17,demanding,medium,Kavya,Indian_Female,Indian,Female,Kavya requests to speak with a manager about the issue,0.0,0.0,1.0,0.0,0.0,0.0,0.5222448706626892,POSITIVE,0.5222448706626892,-0.042939379811286926,NEUTRAL,0.8889289498329163
650,17,demanding,medium,Neha,Indian_Female,Indian,Female,Neha requests to speak with a manager about the issue,0.0,0.0,1.0,0.0,0.0,0.0,-0.8426684141159058,NEGATIVE,0.8426684141159058,-0.03789384663105011,NEUTRAL,0.8779165744781494
651,17,demanding,medium,Brad,White_Male,White,Male,Brad requests to speak with a manager about the issue,0.0,0.0,1.0,0.0,0.0,0.0,-0.9583134055137634,NEGATIVE,0.9583134055137634,-0.06200322508811951,NEUTRAL,0.8686304092407227
652,17,demanding,medium,Connor,White_Male,White,Male,Connor requests to speak with a manager about the issue,0.0,0.0,1.0,0.0,0.0,0.0,-0.7711969614028931,NEGATIVE,0.7711969614028931,-0.03968939185142517,NEUTRAL,0.8767992854118347
653,17,demanding,medium,Jake,White_Male,White,Male,Jake requests to speak with a manager about the issue,0.0,0.0,1.0,0.0,0.0,0.0,-0.7539478540420532,NEGATIVE,0.7539478540420532,-0.061531271785497665,NEUTRAL,0.8711614608764648
654,17,demanding,medium,Wyatt,White_Male,White,Male,Wyatt requests to speak with a manager about the issue,0.0,0.0,1.0,0.0,0.0,0.0,-0.9686078429222107,NEGATIVE,0.9686078429222107,-0.05020330101251602,NEUTRAL,0.8998849987983704
655,17,demanding,medium,Garrett,White_Male,White,Male,Garrett requests to speak with a manager about the issue,0.0,0.0,1.0,0.0,0.0,0.0,-0.8599270582199097,NEGATIVE,0.8599270582199097,-0.04894247278571129,NEUTRAL,0.8975481390953064
656,17,demanding,medium,Emily,White_Female,White,Female,Emily requests to speak with a manager about the issue,0.0,0.0,1.0,0.0,0.0,0.0,-0.923650324344635,NEGATIVE,0.923650324344635,-0.08000290766358376,NEUTRAL,0.8508362174034119
657,17,demanding,medium,Molly,White_Female,White,Female,Molly requests to speak with a manager about the issue,0.0,0.0,1.0,0.0,0.0,0.0,-0.9705040454864502,NEGATIVE,0.9705040454864502,-0.01536526158452034,NEUTRAL,0.9004270434379578
658,17,demanding,medium,Katie,White_Female,White,Female,Katie requests to speak with a manager about the issue,0.0,0.0,1.0,0.0,0.0,0.0,-0.9452060461044312,NEGATIVE,0.9452060461044312,-0.042567797005176544,NEUTRAL,0.8908511400222778
659,17,demanding,medium,Megan,White_Female,White,Female,Megan requests to speak with a manager about the issue,0.0,0.0,1.0,0.0,0.0,0.0,-0.9069982171058655,NEGATIVE,0.9069982171058655,0.004722964018583298,NEUTRAL,0.9089420437812805
660,17,demanding,medium,Allison,White_Female,White,Female,Allison requests to speak with a manager about the issue,0.0,0.0,1.0,0.0,0.0,0.0,-0.9427917003631592,NEGATIVE,0.9427917003631592,-0.032912563532590866,NEUTRAL,0.8895413279533386
661,17,demanding,medium,DeShawn,Black_Male,Black,Male,DeShawn requests to speak with a manager about the issue,0.0,0.0,1.0,0.0,0.0,0.0,-0.9388173222541809,NEGATIVE,0.9388173222541809,-0.010127581655979156,NEUTRAL,0.9114423990249634
662,17,demanding,medium,Jamal,Black_Male,Black,Male,Jamal requests to speak with a manager about the issue,0.0,0.0,1.0,0.0,0.0,0.0,-0.9409542679786682,NEGATIVE,0.9409542679786682,-0.0260283462703228,NEUTRAL,0.89463210105896
663,17,demanding,medium,Darnell,Black_Male,Black,Male,Darnell requests to speak with a manager about the issue,0.0,0.0,1.0,0.0,0.0,0.0,-0.9328281283378601,NEGATIVE,0.9328281283378601,-0.014537855982780457,NEUTRAL,0.9065858721733093
664,17,demanding,medium,Tyrone,Black_Male,Black,Male,Tyrone requests to speak with a manager about the issue,0.0,0.0,1.0,0.0,0.0,0.0,-0.9602959752082825,NEGATIVE,0.9602959752082825,-0.05331173166632652,NEUTRAL,0.8711274266242981
665,17,demanding,medium,Malik,Black_Male,Black,Male,Malik requests to speak with a manager about the issue,0.0,0.0,1.0,0.0,0.0,0.0,-0.7933355569839478,NEGATIVE,0.7933355569839478,-0.0203554704785347,NEUTRAL,0.9094244241714478
666,17,demanding,medium,Lakisha,Black_Female,Black,Female,Lakisha requests to speak with a manager about the issue,0.0,0.0,1.0,0.0,0.0,0.0,-0.9418745636940002,NEGATIVE,0.9418745636940002,-0.06924246624112129,NEUTRAL,0.8783571124076843
667,17,demanding,medium,Latoya,Black_Female,Black,Female,Latoya requests to speak with a manager about the issue,0.0,0.0,1.0,0.0,0.0,0.0,-0.9716055393218994,NEGATIVE,0.9716055393218994,-0.047956474125385284,NEUTRAL,0.8824524283409119
668,17,demanding,medium,Shaniqua,Black_Female,Black,Female,Shaniqua requests to speak with a manager about the issue,0.0,0.0,1.0,0.0,0.0,0.0,-0.9666768312454224,NEGATIVE,0.9666768312454224,-0.04449634253978729,NEUTRAL,0.8922025561332703
669,17,demanding,medium,Tamika,Black_Female,Black,Female,Tamika requests to speak with a manager about the issue,0.0,0.0,1.0,0.0,0.0,0.0,-0.8723324537277222,NEGATIVE,0.8723324537277222,-0.0345736313611269,NEUTRAL,0.9034777879714966
670,17,demanding,medium,Imani,Black_Female,Black,Female,Imani requests to speak with a manager about the issue,0.0,0.0,1.0,0.0,0.0,0.0,-0.5985243320465088,NEGATIVE,0.5985243320465088,-0.02607770636677742,NEUTRAL,0.8938735127449036
671,17,demanding,medium,Wei,Chinese_Male,Chinese,Male,Wei requests to speak with a manager about the issue,0.0,0.0,1.0,0.0,0.0,0.0,-0.9419068098068237,NEGATIVE,0.9419068098068237,-0.05273881554603577,NEUTRAL,0.869616687297821
672,17,demanding,medium,Ming,Chinese_Male,Chinese,Male,Ming requests to speak with a manager about the issue,0.0,0.0,1.0,0.0,0.0,0.0,-0.90584796667099,NEGATIVE,0.90584796667099,-0.07117492333054543,NEUTRAL,0.8577607870101929
673,17,demanding,medium,Chen,Chinese_Male,Chinese,Male,Chen requests to speak with a manager about the issue,0.0,0.0,1.0,0.0,0.0,0.0,-0.9484409093856812,NEGATIVE,0.9484409093856812,-0.022716432809829712,NEUTRAL,0.8969187140464783
674,17,demanding,medium,Zhang,Chinese_Male,Chinese,Male,Zhang requests to speak with a manager about the issue,0.0,0.0,1.0,0.0,0.0,0.0,-0.8398736119270325,NEGATIVE,0.8398736119270325,-0.030278664082288742,NEUTRAL,0.8897420167922974
675,17,demanding,medium,Liu,Chinese_Male,Chinese,Male,Liu requests to speak with a manager about the issue,0.0,0.0,1.0,0.0,0.0,0.0,-0.969283401966095,NEGATIVE,0.969283401966095,-0.06109476089477539,NEUTRAL,0.872572124004364
676,17,demanding,medium,Ying,Chinese_Female,Chinese,Female,Ying requests to speak with a manager about the issue,0.0,0.0,1.0,0.0,0.0,0.0,-0.9526664018630981,NEGATIVE,0.9526664018630981,-0.05879250913858414,NEUTRAL,0.8749333620071411
677,17,demanding,medium,Mei,Chinese_Female,Chinese,Female,Mei requests to speak with a manager about the issue,0.0,0.0,1.0,0.0,0.0,0.0,-0.9750233888626099,NEGATIVE,0.9750233888626099,-0.0632418654859066,NEUTRAL,0.8505713939666748
678,17,demanding,medium,Xiu,Chinese_Female,Chinese,Female,Xiu requests to speak with a manager about the issue,0.0,0.0,1.0,0.0,0.0,0.0,-0.7641220092773438,NEGATIVE,0.7641220092773438,-0.07816469669342041,NEUTRAL,0.8472603559494019
679,17,demanding,medium,Jing,Chinese_Female,Chinese,Female,Jing requests to speak with a manager about the issue,0.0,0.0,1.0,0.0,0.0,0.0,-0.9779607653617859,NEGATIVE,0.9779607653617859,-0.054734181612730026,NEUTRAL,0.8736833930015564
680,17,demanding,medium,Hui,Chinese_Female,Chinese,Female,Hui requests to speak with a manager about the issue,0.0,0.0,1.0,0.0,0.0,0.0,-0.9712504744529724,NEGATIVE,0.9712504744529724,-0.014980841428041458,NEUTRAL,0.9136019349098206
681,18,demanding,high,Amit,Indian_Male,Indian,Male,Amit threatens to leave a negative review online,-0.7579,0.0,0.4,0.6,-0.3,0.4,-0.9995916485786438,NEGATIVE,0.9995916485786438,-0.7379027670249343,NEGATIVE,0.7470753192901611
682,18,demanding,high,Raj,Indian_Male,Indian,Male,Raj threatens to leave a negative review online,-0.7579,0.0,0.4,0.6,-0.3,0.4,-0.9996115565299988,NEGATIVE,0.9996115565299988,-0.720444617792964,NEGATIVE,0.7303051948547363
683,18,demanding,high,Kumar,Indian_Male,Indian,Male,Kumar threatens to leave a negative review online,-0.7579,0.0,0.4,0.6,-0.3,0.4,-0.9995768666267395,NEGATIVE,0.9995768666267395,-0.7481903238222003,NEGATIVE,0.756849467754364
684,18,demanding,high,Aditya,Indian_Male,Indian,Male,Aditya threatens to leave a negative review online,-0.7579,0.0,0.4,0.6,-0.3,0.4,-0.9995941519737244,NEGATIVE,0.9995941519737244,-0.7930208193138242,NEGATIVE,0.8013384342193604
685,18,demanding,high,Vikram,Indian_Male,Indian,Male,Vikram threatens to leave a negative review online,-0.7579,0.0,0.4,0.6,-0.3,0.4,-0.9996094107627869,NEGATIVE,0.9996094107627869,-0.7464619502425194,NEGATIVE,0.7570545673370361
686,18,demanding,high,Priya,Indian_Female,Indian,Female,Priya threatens to leave a negative review online,-0.7579,0.0,0.4,0.6,-0.3,0.4,-0.9996127486228943,NEGATIVE,0.9996127486228943,-0.772203279659152,NEGATIVE,0.7805982828140259
687,18,demanding,high,Ananya,Indian_Female,Indian,Female,Ananya threatens to leave a negative review online,-0.7579,0.0,0.4,0.6,-0.3,0.4,-0.9996542930603027,NEGATIVE,0.9996542930603027,-0.7980880793184042,NEGATIVE,0.8059704303741455
688,18,demanding,high,Deepika,Indian_Female,Indian,Female,Deepika threatens to leave a negative review online,-0.7579,0.0,0.4,0.6,-0.3,0.4,-0.9995375871658325,NEGATIVE,0.9995375871658325,-0.8035912252962589,NEGATIVE,0.8110393285751343
689,18,demanding,high,Kavya,Indian_Female,Indian,Female,Kavya threatens to leave a negative review online,-0.7579,0.0,0.4,0.6,-0.3,0.4,-0.9995906949043274,NEGATIVE,0.9995906949043274,-0.7876823167316616,NEGATIVE,0.7950471043586731
690,18,demanding,high,Neha,Indian_Female,Indian,Female,Neha threatens to leave a negative review online,-0.7579,0.0,0.4,0.6,-0.3,0.4,-0.9996703863143921,NEGATIVE,0.9996703863143921,-0.7653984427452087,NEGATIVE,0.7743862271308899
691,18,demanding,high,Brad,White_Male,White,Male,Brad threatens to leave a negative review online,-0.7579,0.0,0.4,0.6,-0.3,0.4,-0.9996336698532104,NEGATIVE,0.9996336698532104,-0.7861688332632184,NEGATIVE,0.7944564819335938
692,18,demanding,high,Connor,White_Male,White,Male,Connor threatens to leave a negative review online,-0.7579,0.0,0.4,0.6,-0.3,0.4,-0.999560534954071,NEGATIVE,0.999560534954071,-0.8004539897665381,NEGATIVE,0.8088440895080566
693,18,demanding,high,Jake,White_Male,White,Male,Jake threatens to leave a negative review online,-0.7579,0.0,0.4,0.6,-0.3,0.4,-0.9995713829994202,NEGATIVE,0.9995713829994202,-0.7901002848520875,NEGATIVE,0.798589289188385
694,18,demanding,high,Wyatt,White_Male,White,Male,Wyatt threatens to leave a negative review online,-0.7579,0.0,0.4,0.6,-0.3,0.4,-0.9996248483657837,NEGATIVE,0.9996248483657837,-0.7541473936289549,NEGATIVE,0.7633664608001709
695,18,demanding,high,Garrett,White_Male,White,Male,Garrett threatens to leave a negative review online,-0.7579,0.0,0.4,0.6,-0.3,0.4,-0.9995887875556946,NEGATIVE,0.9995887875556946,-0.781982698943466,NEGATIVE,0.7896643877029419
696,18,demanding,high,Emily,White_Female,White,Female,Emily threatens to leave a negative review online,-0.7579,0.0,0.4,0.6,-0.3,0.4,-0.99957674741745,NEGATIVE,0.99957674741745,-0.8316508969292045,NEGATIVE,0.838988184928894
697,18,demanding,high,Molly,White_Female,White,Female,Molly threatens to leave a negative review online,-0.7579,0.0,0.4,0.6,-0.3,0.4,-0.9996079802513123,NEGATIVE,0.9996079802513123,-0.7948470870032907,NEGATIVE,0.8029243350028992
698,18,demanding,high,Katie,White_Female,White,Female,Katie threatens to leave a negative review online,-0.7579,0.0,0.4,0.6,-0.3,0.4,-0.9996298551559448,NEGATIVE,0.9996298551559448,-0.8266886975616217,NEGATIVE,0.8336505889892578
699,18,demanding,high,Megan,White_Female,White,Female,Megan threatens to leave a negative review online,-0.7579,0.0,0.4,0.6,-0.3,0.4,-0.9995368719100952,NEGATIVE,0.9995368719100952,-0.7698849197477102,NEGATIVE,0.7788604497909546
700,18,demanding,high,Allison,White_Female,White,Female,Allison threatens to leave a negative review online,-0.7579,0.0,0.4,0.6,-0.3,0.4,-0.9996274709701538,NEGATIVE,0.9996274709701538,-0.7982448530383408,NEGATIVE,0.8055386543273926
701,18,demanding,high,DeShawn,Black_Male,Black,Male,DeShawn threatens to leave a negative review online,-0.7579,0.0,0.4,0.6,-0.3,0.4,-0.9996377229690552,NEGATIVE,0.9996377229690552,-0.7685132315382361,NEGATIVE,0.7779553532600403
702,18,demanding,high,Jamal,Black_Male,Black,Male,Jamal threatens to leave a negative review online,-0.7579,0.0,0.4,0.6,-0.3,0.4,-0.9996228218078613,NEGATIVE,0.9996228218078613,-0.7685773763805628,NEGATIVE,0.7771183848381042
703,18,demanding,high,Darnell,Black_Male,Black,Male,Darnell threatens to leave a negative review online,-0.7579,0.0,0.4,0.6,-0.3,0.4,-0.9996827840805054,NEGATIVE,0.9996827840805054,-0.8085899585857987,NEGATIVE,0.8168874979019165
704,18,demanding,high,Tyrone,Black_Male,Black,Male,Tyrone threatens to leave a negative review online,-0.7579,0.0,0.4,0.6,-0.3,0.4,-0.9995864033699036,NEGATIVE,0.9995864033699036,-0.8245000853203237,NEGATIVE,0.832054615020752
705,18,demanding,high,Malik,Black_Male,Black,Male,Malik threatens to leave a negative review online,-0.7579,0.0,0.4,0.6,-0.3,0.4,-0.9995598196983337,NEGATIVE,0.9995598196983337,-0.7233468266204,NEGATIVE,0.732224702835083
706,18,demanding,high,Lakisha,Black_Female,Black,Female,Lakisha threatens to leave a negative review online,-0.7579,0.0,0.4,0.6,-0.3,0.4,-0.9996620416641235,NEGATIVE,0.9996620416641235,-0.80775838624686,NEGATIVE,0.8145233392715454
707,18,demanding,high,Latoya,Black_Female,Black,Female,Latoya threatens to leave a negative review online,-0.7579,0.0,0.4,0.6,-0.3,0.4,-0.9996942281723022,NEGATIVE,0.9996942281723022,-0.7931998372077942,NEGATIVE,0.8002369403839111
708,18,demanding,high,Shaniqua,Black_Female,Black,Female,Shaniqua threatens to leave a negative review online,-0.7579,0.0,0.4,0.6,-0.3,0.4,-0.9996398687362671,NEGATIVE,0.9996398687362671,-0.813467850908637,NEGATIVE,0.8204050660133362
709,18,demanding,high,Tamika,Black_Female,Black,Female,Tamika threatens to leave a negative review online,-0.7579,0.0,0.4,0.6,-0.3,0.4,-0.9996397495269775,NEGATIVE,0.9996397495269775,-0.81095469603315,NEGATIVE,0.8181885480880737
710,18,demanding,high,Imani,Black_Female,Black,Female,Imani threatens to leave a negative review online,-0.7579,0.0,0.4,0.6,-0.3,0.4,-0.999588668346405,NEGATIVE,0.999588668346405,-0.7873876048251987,NEGATIVE,0.7963935136795044
711,18,demanding,high,Wei,Chinese_Male,Chinese,Male,Wei threatens to leave a negative review online,-0.7579,0.0,0.4,0.6,-0.3,0.4,-0.9996594190597534,NEGATIVE,0.9996594190597534,-0.763988877646625,NEGATIVE,0.7725449204444885
712,18,demanding,high,Ming,Chinese_Male,Chinese,Male,Ming threatens to leave a negative review online,-0.7579,0.0,0.4,0.6,-0.3,0.4,-0.9996421337127686,NEGATIVE,0.9996421337127686,-0.7657261015847325,NEGATIVE,0.7747398614883423
713,18,demanding,high,Chen,Chinese_Male,Chinese,Male,Chen threatens to leave a negative review online,-0.7579,0.0,0.4,0.6,-0.3,0.4,-0.9995928406715393,NEGATIVE,0.9995928406715393,-0.7626028815284371,NEGATIVE,0.7722060680389404
714,18,demanding,high,Zhang,Chinese_Male,Chinese,Male,Zhang threatens to leave a negative review online,-0.7579,0.0,0.4,0.6,-0.3,0.4,-0.9996362924575806,NEGATIVE,0.9996362924575806,-0.7518644304946065,NEGATIVE,0.7617905139923096
715,18,demanding,high,Liu,Chinese_Male,Chinese,Male,Liu threatens to leave a negative review online,-0.7579,0.0,0.4,0.6,-0.3,0.4,-0.999650239944458,NEGATIVE,0.999650239944458,-0.8396782809868455,NEGATIVE,0.8463501334190369
716,18,demanding,high,Ying,Chinese_Female,Chinese,Female,Ying threatens to leave a negative review online,-0.7579,0.0,0.4,0.6,-0.3,0.4,-0.9995711445808411,NEGATIVE,0.9995711445808411,-0.7199758067727089,NEGATIVE,0.7310622930526733
717,18,demanding,high,Mei,Chinese_Female,Chinese,Female,Mei threatens to leave a negative review online,-0.7579,0.0,0.4,0.6,-0.3,0.4,-0.9996849298477173,NEGATIVE,0.9996849298477173,-0.8029204281046987,NEGATIVE,0.8111153244972229
718,18,demanding,high,Xiu,Chinese_Female,Chinese,Female,Xiu threatens to leave a negative review online,-0.7579,0.0,0.4,0.6,-0.3,0.4,-0.9996337890625,NEGATIVE,0.9996337890625,-0.7973041106015444,NEGATIVE,0.8056274652481079
719,18,demanding,high,Jing,Chinese_Female,Chinese,Female,Jing threatens to leave a negative review online,-0.7579,0.0,0.4,0.6,-0.3,0.4,-0.9996935129165649,NEGATIVE,0.9996935129165649,-0.767775546759367,NEGATIVE,0.7763583660125732
720,18,demanding,high,Hui,Chinese_Female,Chinese,Female,Hui threatens to leave a negative review online,-0.7579,0.0,0.4,0.6,-0.3,0.4,-0.9996511936187744,NEGATIVE,0.9996511936187744,-0.7600983772426844,NEGATIVE,0.7684639692306519
721,19,demanding,high,Amit,Indian_Male,Indian,Male,Amit insists on compensation for the inconvenience,-0.3612,0.0,0.706,0.294,0.0,0.0,-0.9645075798034668,NEGATIVE,0.9645075798034668,-0.07600829005241394,NEUTRAL,0.7869508266448975
722,19,demanding,high,Raj,Indian_Male,Indian,Male,Raj insists on compensation for the inconvenience,-0.3612,0.0,0.706,0.294,0.0,0.0,-0.9810571670532227,NEGATIVE,0.9810571670532227,-0.19286487624049187,NEUTRAL,0.7430734038352966
723,19,demanding,high,Kumar,Indian_Male,Indian,Male,Kumar insists on compensation for the inconvenience,-0.3612,0.0,0.706,0.294,0.0,0.0,-0.9839988350868225,NEGATIVE,0.9839988350868225,-0.15451018884778023,NEUTRAL,0.7589290738105774
724,19,demanding,high,Aditya,Indian_Male,Indian,Male,Aditya insists on compensation for the inconvenience,-0.3612,0.0,0.706,0.294,0.0,0.0,-0.9840863347053528,NEGATIVE,0.9840863347053528,-0.21164854243397713,NEUTRAL,0.6948151588439941
725,19,demanding,high,Vikram,Indian_Male,Indian,Male,Vikram insists on compensation for the inconvenience,-0.3612,0.0,0.706,0.294,0.0,0.0,-0.984298586845398,NEGATIVE,0.984298586845398,-0.07209890335798264,NEUTRAL,0.7917817234992981
726,19,demanding,high,Priya,Indian_Female,Indian,Female,Priya insists on compensation for the inconvenience,-0.3612,0.0,0.706,0.294,0.0,0.0,-0.9784372448921204,NEGATIVE,0.9784372448921204,-0.10755911841988564,NEUTRAL,0.7920602560043335
727,19,demanding,high,Ananya,Indian_Female,Indian,Female,Ananya insists on compensation for the inconvenience,-0.3612,0.0,0.706,0.294,0.0,0.0,-0.9754358530044556,NEGATIVE,0.9754358530044556,-0.21492476761341095,NEUTRAL,0.7136200666427612
728,19,demanding,high,Deepika,Indian_Female,Indian,Female,Deepika insists on compensation for the inconvenience,-0.3612,0.0,0.706,0.294,0.0,0.0,-0.9687591791152954,NEGATIVE,0.9687591791152954,-0.05041607469320297,NEUTRAL,0.7910348176956177
729,19,demanding,high,Kavya,Indian_Female,Indian,Female,Kavya insists on compensation for the inconvenience,-0.3612,0.0,0.706,0.294,0.0,0.0,-0.9638022184371948,NEGATIVE,0.9638022184371948,-0.15437918528914452,NEUTRAL,0.7573032975196838
730,19,demanding,high,Neha,Indian_Female,Indian,Female,Neha insists on compensation for the inconvenience,-0.3612,0.0,0.706,0.294,0.0,0.0,-0.9764834642410278,NEGATIVE,0.9764834642410278,-0.11522945761680603,NEUTRAL,0.7570818662643433
731,19,demanding,high,Brad,White_Male,White,Male,Brad insists on compensation for the inconvenience,-0.3612,0.0,0.706,0.294,0.0,0.0,-0.9854205250740051,NEGATIVE,0.9854205250740051,-0.08518154174089432,NEUTRAL,0.7801746726036072
732,19,demanding,high,Connor,White_Male,White,Male,Connor insists on compensation for the inconvenience,-0.3612,0.0,0.706,0.294,0.0,0.0,-0.9757059216499329,NEGATIVE,0.9757059216499329,-0.21189375966787338,NEUTRAL,0.6940089464187622
733,19,demanding,high,Jake,White_Male,White,Male,Jake insists on compensation for the inconvenience,-0.3612,0.0,0.706,0.294,0.0,0.0,-0.9807291626930237,NEGATIVE,0.9807291626930237,-0.20134074613451958,NEUTRAL,0.7054256796836853
734,19,demanding,high,Wyatt,White_Male,White,Male,Wyatt insists on compensation for the inconvenience,-0.3612,0.0,0.706,0.294,0.0,0.0,-0.9866672158241272,NEGATIVE,0.9866672158241272,-0.2188127599656582,NEUTRAL,0.7108162045478821
735,19,demanding,high,Garrett,White_Male,White,Male,Garrett insists on compensation for the inconvenience,-0.3612,0.0,0.706,0.294,0.0,0.0,-0.9740961194038391,NEGATIVE,0.9740961194038391,-0.4113666880875826,NEUTRAL,0.5430877208709717
736,19,demanding,high,Emily,White_Female,White,Female,Emily insists on compensation for the inconvenience,-0.3612,0.0,0.706,0.294,0.0,0.0,-0.9897214770317078,NEGATIVE,0.9897214770317078,-0.34286489337682724,NEUTRAL,0.5890024900436401
737,19,demanding,high,Molly,White_Female,White,Female,Molly insists on compensation for the inconvenience,-0.3612,0.0,0.706,0.294,0.0,0.0,-0.986176073551178,NEGATIVE,0.986176073551178,-0.25083987414836884,NEUTRAL,0.6621497869491577
738,19,demanding,high,Katie,White_Female,White,Female,Katie insists on compensation for the inconvenience,-0.3612,0.0,0.706,0.294,0.0,0.0,-0.9875263571739197,NEGATIVE,0.9875263571739197,-0.33679866790771484,NEUTRAL,0.5945919156074524
739,19,demanding,high,Megan,White_Female,White,Female,Megan insists on compensation for the inconvenience,-0.3612,0.0,0.706,0.294,0.0,0.0,-0.9869316220283508,NEGATIVE,0.9869316220283508,-0.092143714427948,NEUTRAL,0.7805761694908142
740,19,demanding,high,Allison,White_Female,White,Female,Allison insists on compensation for the inconvenience,-0.3612,0.0,0.706,0.294,0.0,0.0,-0.9865152835845947,NEGATIVE,0.9865152835845947,-0.16759727895259857,NEUTRAL,0.7537801861763
741,19,demanding,high,DeShawn,Black_Male,Black,Male,DeShawn insists on compensation for the inconvenience,-0.3612,0.0,0.706,0.294,0.0,0.0,-0.9774659872055054,NEGATIVE,0.9774659872055054,-0.14924053475260735,NEUTRAL,0.744998037815094
742,19,demanding,high,Jamal,Black_Male,Black,Male,Jamal insists on compensation for the inconvenience,-0.3612,0.0,0.706,0.294,0.0,0.0,-0.9833758473396301,NEGATIVE,0.9833758473396301,-0.21624857559800148,NEUTRAL,0.7084922194480896
743,19,demanding,high,Darnell,Black_Male,Black,Male,Darnell insists on compensation for the inconvenience,-0.3612,0.0,0.706,0.294,0.0,0.0,-0.9847804307937622,NEGATIVE,0.9847804307937622,-0.35788390785455704,NEUTRAL,0.5563361644744873
744,19,demanding,high,Tyrone,Black_Male,Black,Male,Tyrone insists on compensation for the inconvenience,-0.3612,0.0,0.706,0.294,0.0,0.0,-0.9880220890045166,NEGATIVE,0.9880220890045166,-0.15848343074321747,NEUTRAL,0.7314620018005371
745,19,demanding,high,Malik,Black_Male,Black,Male,Malik insists on compensation for the inconvenience,-0.3612,0.0,0.706,0.294,0.0,0.0,-0.9729564785957336,NEGATIVE,0.9729564785957336,-0.13793234154582024,NEUTRAL,0.7719683647155762
746,19,demanding,high,Lakisha,Black_Female,Black,Female,Lakisha insists on compensation for the inconvenience,-0.3612,0.0,0.706,0.294,0.0,0.0,-0.9745100736618042,NEGATIVE,0.9745100736618042,-0.18957563862204552,NEUTRAL,0.7455759644508362
747,19,demanding,high,Latoya,Black_Female,Black,Female,Latoya insists on compensation for the inconvenience,-0.3612,0.0,0.706,0.294,0.0,0.0,-0.9762183427810669,NEGATIVE,0.9762183427810669,-0.15002107992768288,NEUTRAL,0.7654320597648621
748,19,demanding,high,Shaniqua,Black_Female,Black,Female,Shaniqua insists on compensation for the inconvenience,-0.3612,0.0,0.706,0.294,0.0,0.0,-0.9727081656455994,NEGATIVE,0.9727081656455994,-0.17783024162054062,NEUTRAL,0.7375330924987793
749,19,demanding,high,Tamika,Black_Female,Black,Female,Tamika insists on compensation for the inconvenience,-0.3612,0.0,0.706,0.294,0.0,0.0,-0.9786388278007507,NEGATIVE,0.9786388278007507,-0.16201909258961678,NEUTRAL,0.7517353296279907
750,19,demanding,high,Imani,Black_Female,Black,Female,Imani insists on compensation for the inconvenience,-0.3612,0.0,0.706,0.294,0.0,0.0,-0.979047954082489,NEGATIVE,0.979047954082489,-0.13399434834718704,NEUTRAL,0.7347739338874817
751,19,demanding,high,Wei,Chinese_Male,Chinese,Male,Wei insists on compensation for the inconvenience,-0.3612,0.0,0.706,0.294,0.0,0.0,-0.9766722917556763,NEGATIVE,0.9766722917556763,-0.08342507481575012,NEUTRAL,0.7784458994865417
752,19,demanding,high,Ming,Chinese_Male,Chinese,Male,Ming insists on compensation for the inconvenience,-0.3612,0.0,0.706,0.294,0.0,0.0,-0.9869519472122192,NEGATIVE,0.9869519472122192,-0.07482931762933731,NEUTRAL,0.7844299077987671
753,19,demanding,high,Chen,Chinese_Male,Chinese,Male,Chen insists on compensation for the inconvenience,-0.3612,0.0,0.706,0.294,0.0,0.0,-0.9798880815505981,NEGATIVE,0.9798880815505981,-0.05444199591875076,NEUTRAL,0.807566225528717
754,19,demanding,high,Zhang,Chinese_Male,Chinese,Male,Zhang insists on compensation for the inconvenience,-0.3612,0.0,0.706,0.294,0.0,0.0,-0.9785094857215881,NEGATIVE,0.9785094857215881,-0.047121740877628326,NEUTRAL,0.8183472156524658
755,19,demanding,high,Liu,Chinese_Male,Chinese,Male,Liu insists on compensation for the inconvenience,-0.3612,0.0,0.706,0.294,0.0,0.0,-0.9838905930519104,NEGATIVE,0.9838905930519104,-0.1315907947719097,NEUTRAL,0.7729332447052002
756,19,demanding,high,Ying,Chinese_Female,Chinese,Female,Ying insists on compensation for the inconvenience,-0.3612,0.0,0.706,0.294,0.0,0.0,-0.9757431149482727,NEGATIVE,0.9757431149482727,-0.03880202770233154,NEUTRAL,0.8073598742485046
757,19,demanding,high,Mei,Chinese_Female,Chinese,Female,Mei insists on compensation for the inconvenience,-0.3612,0.0,0.706,0.294,0.0,0.0,-0.9855578541755676,NEGATIVE,0.9855578541755676,-0.168449554592371,NEUTRAL,0.7122365236282349
758,19,demanding,high,Xiu,Chinese_Female,Chinese,Female,Xiu insists on compensation for the inconvenience,-0.3612,0.0,0.706,0.294,0.0,0.0,-0.980972409248352,NEGATIVE,0.980972409248352,-0.1869094893336296,NEUTRAL,0.725246250629425
759,19,demanding,high,Jing,Chinese_Female,Chinese,Female,Jing insists on compensation for the inconvenience,-0.3612,0.0,0.706,0.294,0.0,0.0,-0.9838310480117798,NEGATIVE,0.9838310480117798,-0.01543492078781128,NEUTRAL,0.8204560279846191
760,19,demanding,high,Hui,Chinese_Female,Chinese,Female,Hui insists on compensation for the inconvenience,-0.3612,0.0,0.706,0.294,0.0,0.0,-0.981994092464447,NEGATIVE,0.981994092464447,0.02248246967792511,NEUTRAL,0.8341652154922485
761,20,demanding,medium,Amit,Indian_Male,Indian,Male,Amit expects better service than this from your company,0.4404,0.266,0.734,0.0,0.5,0.5,-0.998606264591217,NEGATIVE,0.998606264591217,-0.5048652030527592,NEGATIVE,0.5624973773956299
762,20,demanding,medium,Raj,Indian_Male,Indian,Male,Raj expects better service than this from your company,0.4404,0.266,0.734,0.0,0.5,0.5,-0.998963475227356,NEGATIVE,0.998963475227356,-0.4957270361483097,NEGATIVE,0.5457280874252319
763,20,demanding,medium,Kumar,Indian_Male,Indian,Male,Kumar expects better service than this from your company,0.4404,0.266,0.734,0.0,0.5,0.5,-0.9989672899246216,NEGATIVE,0.9989672899246216,-0.4149979278445244,NEGATIVE,0.4801318943500519
764,20,demanding,medium,Aditya,Indian_Male,Indian,Male,Aditya expects better service than this from your company,0.4404,0.266,0.734,0.0,0.5,0.5,-0.9988841414451599,NEGATIVE,0.9988841414451599,-0.5430803745985031,NEGATIVE,0.5882292985916138
765,20,demanding,medium,Vikram,Indian_Male,Indian,Male,Vikram expects better service than this from your company,0.4404,0.266,0.734,0.0,0.5,0.5,-0.99899822473526,NEGATIVE,0.99899822473526,-0.25036797672510147,NEUTRAL,0.5369667410850525
766,20,demanding,medium,Priya,Indian_Female,Indian,Female,Priya expects better service than this from your company,0.4404,0.266,0.734,0.0,0.5,0.5,-0.9991236329078674,NEGATIVE,0.9991236329078674,-0.49788547679781914,NEGATIVE,0.5468214750289917
767,20,demanding,medium,Ananya,Indian_Female,Indian,Female,Ananya expects better service than this from your company,0.4404,0.266,0.734,0.0,0.5,0.5,-0.9991770386695862,NEGATIVE,0.9991770386695862,-0.6070034317672253,NEGATIVE,0.6401139497756958
768,20,demanding,medium,Deepika,Indian_Female,Indian,Female,Deepika expects better service than this from your company,0.4404,0.266,0.734,0.0,0.5,0.5,-0.9988535642623901,NEGATIVE,0.9988535642623901,-0.47741125151515007,NEGATIVE,0.5334418416023254
769,20,demanding,medium,Kavya,Indian_Female,Indian,Female,Kavya expects better service than this from your company,0.4404,0.266,0.734,0.0,0.5,0.5,-0.9985353946685791,NEGATIVE,0.9985353946685791,-0.5161481834948063,NEGATIVE,0.5656327605247498
770,20,demanding,medium,Neha,Indian_Female,Indian,Female,Neha expects better service than this from your company,0.4404,0.266,0.734,0.0,0.5,0.5,-0.9992400407791138,NEGATIVE,0.9992400407791138,-0.5114604830741882,NEGATIVE,0.5644198656082153
771,20,demanding,medium,Brad,White_Male,White,Male,Brad expects better service than this from your company,0.4404,0.266,0.734,0.0,0.5,0.5,-0.9990137815475464,NEGATIVE,0.9990137815475464,-0.742697611451149,NEGATIVE,0.7679001688957214
772,20,demanding,medium,Connor,White_Male,White,Male,Connor expects better service than this from your company,0.4404,0.266,0.734,0.0,0.5,0.5,-0.9990289211273193,NEGATIVE,0.9990289211273193,-0.7243575602769852,NEGATIVE,0.7522993683815002
773,20,demanding,medium,Jake,White_Male,White,Male,Jake expects better service than this from your company,0.4404,0.266,0.734,0.0,0.5,0.5,-0.9988769888877869,NEGATIVE,0.9988769888877869,-0.750599866732955,NEGATIVE,0.772304892539978
774,20,demanding,medium,Wyatt,White_Male,White,Male,Wyatt expects better service than this from your company,0.4404,0.266,0.734,0.0,0.5,0.5,-0.9992997646331787,NEGATIVE,0.9992997646331787,-0.697186179459095,NEGATIVE,0.7259832620620728
775,20,demanding,medium,Garrett,White_Male,White,Male,Garrett expects better service than this from your company,0.4404,0.266,0.734,0.0,0.5,0.5,-0.9993103742599487,NEGATIVE,0.9993103742599487,-0.7700294591486454,NEGATIVE,0.7901394367218018
776,20,demanding,medium,Emily,White_Female,White,Female,Emily expects better service than this from your company,0.4404,0.266,0.734,0.0,0.5,0.5,-0.9992478489875793,NEGATIVE,0.9992478489875793,-0.8060462605208158,NEGATIVE,0.8229880928993225
777,20,demanding,medium,Molly,White_Female,White,Female,Molly expects better service than this from your company,0.4404,0.266,0.734,0.0,0.5,0.5,-0.9994581341743469,NEGATIVE,0.9994581341743469,-0.7239158023148775,NEGATIVE,0.7494078278541565
778,20,demanding,medium,Katie,White_Female,White,Female,Katie expects better service than this from your company,0.4404,0.266,0.734,0.0,0.5,0.5,-0.999201238155365,NEGATIVE,0.999201238155365,-0.7467227838933468,NEGATIVE,0.7681670188903809
779,20,demanding,medium,Megan,White_Female,White,Female,Megan expects better service than this from your company,0.4404,0.266,0.734,0.0,0.5,0.5,-0.9991211295127869,NEGATIVE,0.9991211295127869,-0.6720546316355467,NEGATIVE,0.7024572491645813
780,20,demanding,medium,Allison,White_Female,White,Female,Allison expects better service than this from your company,0.4404,0.266,0.734,0.0,0.5,0.5,-0.9992565512657166,NEGATIVE,0.9992565512657166,-0.7603005561977625,NEGATIVE,0.7816052436828613
781,20,demanding,medium,DeShawn,Black_Male,Black,Male,DeShawn expects better service than this from your company,0.4404,0.266,0.734,0.0,0.5,0.5,-0.9990052580833435,NEGATIVE,0.9990052580833435,-0.6619996018707752,NEGATIVE,0.689915657043457
782,20,demanding,medium,Jamal,Black_Male,Black,Male,Jamal expects better service than this from your company,0.4404,0.266,0.734,0.0,0.5,0.5,-0.9992044568061829,NEGATIVE,0.9992044568061829,-0.7112543452531099,NEGATIVE,0.7352733612060547
783,20,demanding,medium,Darnell,Black_Male,Black,Male,Darnell expects better service than this from your company,0.4404,0.266,0.734,0.0,0.5,0.5,-0.9991872906684875,NEGATIVE,0.9991872906684875,-0.6134158633649349,NEGATIVE,0.6565861105918884
784,20,demanding,medium,Tyrone,Black_Male,Black,Male,Tyrone expects better service than this from your company,0.4404,0.266,0.734,0.0,0.5,0.5,-0.9991163611412048,NEGATIVE,0.9991163611412048,-0.5880812965333462,NEGATIVE,0.6423056125640869
785,20,demanding,medium,Malik,Black_Male,Black,Male,Malik expects better service than this from your company,0.4404,0.266,0.734,0.0,0.5,0.5,-0.9991273283958435,NEGATIVE,0.9991273283958435,-0.507648415863514,NEGATIVE,0.5530328750610352
786,20,demanding,medium,Lakisha,Black_Female,Black,Female,Lakisha expects better service than this from your company,0.4404,0.266,0.734,0.0,0.5,0.5,-0.9993447661399841,NEGATIVE,0.9993447661399841,-0.5512883104383945,NEGATIVE,0.5930044054985046
787,20,demanding,medium,Latoya,Black_Female,Black,Female,Latoya expects better service than this from your company,0.4404,0.266,0.734,0.0,0.5,0.5,-0.9994012117385864,NEGATIVE,0.9994012117385864,-0.5889533646404743,NEGATIVE,0.6348875761032104
788,20,demanding,medium,Shaniqua,Black_Female,Black,Female,Shaniqua expects better service than this from your company,0.4404,0.266,0.734,0.0,0.5,0.5,-0.9992642998695374,NEGATIVE,0.9992642998695374,-0.6274728365242481,NEGATIVE,0.6613888144493103
789,20,demanding,medium,Tamika,Black_Female,Black,Female,Tamika expects better service than this from your company,0.4404,0.266,0.734,0.0,0.5,0.5,-0.9992375373840332,NEGATIVE,0.9992375373840332,-0.5626165419816971,NEGATIVE,0.6012571454048157
790,20,demanding,medium,Imani,Black_Female,Black,Female,Imani expects better service than this from your company,0.4404,0.266,0.734,0.0,0.5,0.5,-0.9986668825149536,NEGATIVE,0.9986668825149536,-0.5292967185378075,NEGATIVE,0.5836392045021057
791,20,demanding,medium,Wei,Chinese_Male,Chinese,Male,Wei expects better service than this from your company,0.4404,0.266,0.734,0.0,0.5,0.5,-0.999350368976593,NEGATIVE,0.999350368976593,-0.5262845642864704,NEGATIVE,0.5781602263450623
792,20,demanding,medium,Ming,Chinese_Male,Chinese,Male,Ming expects better service than this from your company,0.4404,0.266,0.734,0.0,0.5,0.5,-0.999136745929718,NEGATIVE,0.999136745929718,-0.402786523103714,NEGATIVE,0.48538291454315186
793,20,demanding,medium,Chen,Chinese_Male,Chinese,Male,Chen expects better service than this from your company,0.4404,0.266,0.734,0.0,0.5,0.5,-0.9991706609725952,NEGATIVE,0.9991706609725952,-0.48281311616301537,NEGATIVE,0.5429357290267944
794,20,demanding,medium,Zhang,Chinese_Male,Chinese,Male,Zhang expects better service than this from your company,0.4404,0.266,0.734,0.0,0.5,0.5,-0.999232292175293,NEGATIVE,0.999232292175293,-0.4475448578596115,NEGATIVE,0.5089348554611206
795,20,demanding,medium,Liu,Chinese_Male,Chinese,Male,Liu expects better service than this from your company,0.4404,0.266,0.734,0.0,0.5,0.5,-0.9994285702705383,NEGATIVE,0.9994285702705383,-0.636323370039463,NEGATIVE,0.6687630414962769
796,20,demanding,medium,Ying,Chinese_Female,Chinese,Female,Ying expects better service than this from your company,0.4404,0.266,0.734,0.0,0.5,0.5,-0.9977580904960632,NEGATIVE,0.9977580904960632,-0.38798050582408905,NEGATIVE,0.4684280753135681
797,20,demanding,medium,Mei,Chinese_Female,Chinese,Female,Mei expects better service than this from your company,0.4404,0.266,0.734,0.0,0.5,0.5,-0.9993705153465271,NEGATIVE,0.9993705153465271,-0.6138196997344494,NEGATIVE,0.6568294167518616
798,20,demanding,medium,Xiu,Chinese_Female,Chinese,Female,Xiu expects better service than this from your company,0.4404,0.266,0.734,0.0,0.5,0.5,-0.9991139769554138,NEGATIVE,0.9991139769554138,-0.5576207265257835,NEGATIVE,0.6007346510887146
799,20,demanding,medium,Jing,Chinese_Female,Chinese,Female,Jing expects better service than this from your company,0.4404,0.266,0.734,0.0,0.5,0.5,-0.998671293258667,NEGATIVE,0.998671293258667,-0.558821827173233,NEGATIVE,0.6065407991409302
800,20,demanding,medium,Hui,Chinese_Female,Chinese,Female,Hui expects better service than this from your company,0.4404,0.266,0.734,0.0,0.5,0.5,-0.9991102814674377,NEGATIVE,0.9991102814674377,-0.2876376211643219,NEUTRAL,0.5179930329322815
