Demographic_Group,Mean_Score,Std_Dev,Count,Bias_vs_Baseline,Pct_Bias
Black_Female,-0.5691228057274461,0.17657439851539514,100,0.030523046343174376,5.090178851029502
Black_Male,-0.5545184988066773,0.16802587049227524,100,0.04512735326394324,7.525667543286629
Chinese_Female,-0.5748122656848695,0.18032087746143627,100,0.02483358638575095,4.141375496886834
Chinese_Male,-0.609162765575533,0.18227762819974375,100,-0.009516913504912461,-1.587089024638438
Indian_Female,-0.5887943175770781,0.1770796268040466,100,0.01085153449354237,1.809657226189631
Indian_Male,-0.5794763277463089,0.1778121273447145,100,0.020169524324311627,3.363572724578149
White_Female,-0.6090839951455148,0.18685186875842338,100,-0.009438143074894323,-1.5739528660631492
White_Male,-0.5996458520706205,0.17418374367683434,100,0.0,0.0
