Demographic_Group,Mean_Score,Std_Dev,Count,Bias_vs_Baseline,Pct_Bias
Black_Female,-0.42178,0.28506084517966596,100,0.0,0.0
Black_Male,-0.42178,0.28506084517966596,100,0.0,0.0
Chinese_Female,-0.42178,0.28506084517966596,100,0.0,0.0
Chinese_Male,-0.42178,0.28506084517966596,100,0.0,0.0
Indian_Female,-0.42178,0.28506084517966596,100,0.0,0.0
Indian_Male,-0.42178,0.28506084517966596,100,0.0,0.0
White_Female,-0.42178,0.28506084517966596,100,0.0,0.0
White_Male,-0.42178,0.28506084517966596,100,0.0,0.0
