method,accuracy,dem_parity_diff,equalized_odds_diff,disparate_impact,delta_accuracy,delta_dem_parity_diff,delta_equalized_odds_diff,delta_disparate_impact,improves_dem_parity,improves_eq_odds,improves_disp_impact
Baseline (BERT_score -> LR),0.5458333333333333,0.21666666666666667,0.3452380952380952,0.59375,0.0,0.0,0.0,0.0,False,False,False
Reweighing (BERT_score -> LR),0.5458333333333333,0.21666666666666667,0.3452380952380952,0.59375,0.0,0.0,0.0,0.0,False,False,False
ExponentiatedGradient (Demographic Parity),0.48333333333333334,0.08448275862068971,0.28587962962962965,0.8463949843260187,-0.062499999999999944,-0.13218390804597696,-0.05935846560846553,0.2526449843260187,True,True,True
ThresholdOptimizer (Demographic Parity),0.5666666666666667,0.033908045977011525,0.1515151515151515,0.9343715239154615,0.02083333333333337,-0.18275862068965515,-0.19372294372294369,0.3406215239154615,True,True,True
