method,accuracy,dem_parity_diff,equalized_odds_diff,disparate_impact
Baseline (BERT_score -> LR),0.5458333333333333,0.21666666666666667,0.3452380952380952,0.59375
Reweighing (BERT_score -> LR),0.5458333333333333,0.21666666666666667,0.3452380952380952,0.59375
ExponentiatedGradient (Demographic Parity),0.48333333333333334,0.08448275862068971,0.28587962962962965,0.8463949843260187
ThresholdOptimizer (Demographic Parity),0.5666666666666667,0.033908045977011525,0.1515151515151515,0.9343715239154615
