method,accuracy,dem_parity_diff,equalized_odds_diff,disparate_impact
Baseline (BERT_score -> LR),0.5458333333333333,0.21666666666666667,0.3452380952380952,0.59375
Reweighing (BERT_score -> LR),0.5458333333333333,0.21666666666666667,0.3452380952380952,0.59375
ExponentiatedGradient (DP constraint),0.475,0.19838709677419353,0.4208333333333333,0.6382352941176471
ThresholdOptimizer (DP post-process),0.5625,0.017241379310344807,0.16666666666666663,0.9655172413793104
