method,accuracy,dem_parity_diff,equalized_odds_diff,disparate_impact
Baseline,1.0,0.11896551724137933,0.0,0.7909090909090909
Reweighing,1.0,0.11896551724137933,0.0,0.7909090909090909
Adversarial Debiasing,0.9958333333333333,0.135632183908046,0.03703703703703709,0.7616161616161616
Calibrated Eq. Odds,0.9833333333333333,0.135632183908046,0.0714285714285714,0.7616161616161616
