method,accuracy,dem_parity_diff,equalized_odds_diff,disparate_impact
Baseline,1.0,0.11896551724137933,0.0,0.7909090909090909
CDA (Name Swap Augmentation),1.0,0.11896551724137933,0.0,0.7909090909090909
Adversarial Debiasing,0.9916666666666667,0.15344827586206894,0.08,0.7457142857142858
Calibrated Eq. Odds,0.9708333333333333,0.18620689655172407,0.11111111111111116,0.6823529411764707
