Demographic_Group,Baseline_Mean,Group_Mean,Difference,T_Statistic,P_Value,Significant_005,Significant_001,Cohens_d,Effect_Size_Label,MannWhitney_U,MannWhitney_P
Indian_Male,-0.5996458520706205,-0.5794763277463089,-0.020169524324311627,-0.8103077876405218,0.41873612900635426,False,False,-0.11459482629777636,Negligible,4684.0,0.4407726127973277
Indian_Female,-0.5996458520706205,-0.588794317577078,-0.01085153449354248,-0.4368763454348827,0.6626770928844452,False,False,-0.06178364527940043,Negligible,4788.0,0.6053120122109508
White_Female,-0.5996458520706205,-0.6090839951455148,0.009438143074894323,0.369474378265585,0.7121690084619039,False,False,0.05225156766925575,Negligible,5170.0,0.6787610227861156
Black_Male,-0.5996458520706205,-0.5545184988066774,-0.045127353263943126,-1.864628650663807,0.0637133011890744,False,False,-0.26369831265582,Small,4281.0,0.07916101851952176
Black_Female,-0.5996458520706205,-0.569122805727446,-0.030523046343174487,-1.2306229945436236,0.21992384173330187,False,False,-0.17403637290517837,Negligible,4531.0,0.2523219758234664
Chinese_Male,-0.5996458520706205,-0.6091627655755331,0.009516913504912572,0.37747371880603725,0.7062258908336018,False,False,0.0533828452574906,Negligible,5143.0,0.7277028167772348
Chinese_Female,-0.5996458520706205,-0.5748122656848695,-0.02483358638575095,-0.9905296297708228,0.3231242409461176,False,False,-0.1400820436354298,Negligible,4602.0,0.33142525315704596
